driverId,name,ssn,location,certified,wage-plan
10,Julie Golden,716-51-4033,"2885 Vanessa Islands
New Virginiaburgh, ND 54151",Y,miles
11,Kim Scott,674-87-0228,"8365 Wood River
New Lisa, ME 19913",Y,hours
12,Mary Martin,497-78-5133,"PSC 4979, Box 5277
APO AE 73043",Y,hours
13,Terri Martin,504-97-1049,"33640 Christopher Club
Farmerberg, FM 89504",Y,miles
14,Melanie Oliver,566-67-2859,"62254 Lisa Trail
East Jennifer, VT 81874",N,hours
15,Rachel Powell,390-08-1732,"7650 Grace Mountains Suite 722
Greenland, IL 31279",Y,miles
16,Timothy Elliott,119-57-8835,"8485 Harris Bridge
East Christine, VT 91347",N,miles
17,Michelle Stevens MD,711-81-2896,"634 Daniels Meadows Apt. 390
East Johnnyland, NE 98229",N,hours
18,Thomas Mckinney,148-40-7290,"8500 John Ferry
South Kathleenfurt, NE 54805",N,miles
19,Jeffrey Brennan,828-81-8710,"Unit 8327 Box 5298
DPO AP 69721",N,miles
20,Christy Waters,430-72-3703,"110 Hartman Glens Apt. 790
Beckystad, VA 14831",Y,hours
21,Doris Choi,101-19-5076,"6373 Roberts Tunnel Suite 633
Arnoldport, MH 10304",Y,miles
22,Meghan Roth,020-35-3392,"USNV Kelly
FPO AE 68615",N,hours
23,Mr. Jeffrey Bell,333-46-5629,"Unit 2496 Box 1803
DPO AP 56013",N,miles
24,Michael Travis,385-81-1777,"31261 Raymond Streets
West Tinaberg, TN 61048",N,miles
25,Andrew Watkins,827-55-9565,"17776 Amber Glen Suite 215
Heathertown, AZ 97333",Y,hours
26,Mrs. Mary Morgan,153-12-6753,"USCGC Wilcox
FPO AE 49323",Y,miles
27,Ryan Roberson,774-89-1140,"Unit 8228 Box 4363
DPO AA 10383",N,miles
28,Erik Calhoun,723-22-7457,"9014 Schroeder Parkway Apt. 378
Woodwardchester, AR 33346",Y,hours
29,Susan Young,334-32-8617,"339 Brittany Junction Apt. 515
North Maryland, NV 26841",Y,hours
30,Victor Taylor,278-60-0413,"47024 Porter Underpass Apt. 528
Mollymouth, AL 57047",Y,miles
31,Emily Underwood,522-42-2347,"412 Crystal Crest Suite 169
West Jeffreyfurt, MT 55045",N,hours
32,Chris Quinn,756-60-1471,"860 Paul Groves Apt. 357
Julieton, VI 46581",Y,miles
33,Julie Mclean,621-98-4350,"84596 Emily Shore Suite 077
Millerhaven, IL 04972",N,hours
34,Jimmy Campbell,562-57-9215,"USNS Weber
FPO AA 09389",Y,hours
35,Dominique Mcpherson,002-63-2730,"33029 Curry Island
New Jamesview, AK 22069",Y,hours
36,Nathan English,185-02-9566,"5294 Anthony Via
Markview, MI 73809",Y,hours
37,Jennifer Reyes,461-52-7009,"388 Hensley Run
West Josephfort, WA 15883",N,miles
38,Miguel Kane,762-66-6852,"33761 Susan Locks
Johnsonfort, MP 45304",Y,miles
39,Nathan Smith,629-28-9135,"518 Raymond Extension Apt. 211
Danielborough, GU 05945",N,hours
40,Tracy Scott,807-88-4954,"1058 Contreras Vista Suite 786
Warrenland, WY 50723",Y,hours
41,Joseph Cross,364-71-6185,"3234 Arthur Groves Apt. 487
Valenciaburgh, KY 04127",N,miles
42,Manuel English,585-65-6099,"3012 Martin Mission Suite 319
Robynport, SD 67788",Y,hours
43,Nancy Robinson,452-02-8768,"USCGC Nash
FPO AE 21696",Y,hours
44,Andrew Mack,433-62-9311,"02712 Hall Glen
Lake Patrickborough, NJ 60633",N,hours
45,Brent Martin,770-31-0830,"545 Brown Bridge Apt. 398
New Alison, KY 81634",Y,miles
46,Catherine Foster,835-06-2449,"52790 Michael Mission
Williamsonland, DC 42314",Y,miles
47,Clifford Wong,210-26-4100,"667 Cassandra Village Apt. 455
Port Joseph, GU 07361",N,miles
48,Mary Colon,678-14-4413,"59867 Murphy Underpass Suite 240
Port Victoriachester, CT 20847",Y,miles
49,Shannon Chavez,745-44-3903,"0782 Rodriguez Rapid
Ninashire, GA 06010",N,miles
50,Chad Jimenez,334-51-7233,"320 Ponce Islands
Tammyberg, OH 41836",N,hours
51,Pamela Fernandez,734-31-3589,"25169 Eric Fork Suite 319
Bobbyburgh, VT 01537",N,hours
52,April Garner,506-60-1395,"844 Angela Prairie
Chelseaport, MD 72466",Y,hours
53,Drew Price,236-86-0238,"01119 Anne Inlet
Lindachester, MS 02933",Y,miles
54,Brett Hardin,082-82-0322,"28032 Wise Fields
South Lisabury, WA 51533",Y,miles
55,Kyle Powers,062-72-2735,"PSC 9937, Box 1027
APO AP 98212",Y,miles
56,Rodney Callahan,442-90-9131,"34918 Justin Turnpike Suite 329
Port Allisonton, DE 73468",N,miles
57,Dave Smith,118-05-2709,"40618 Heather Mount
North Loganchester, AR 55458",Y,hours
58,Lorraine Jacobson,026-38-6276,"581 Todd Passage Suite 719
New Alexisville, MI 24194",N,miles
59,Daniel Thomas,072-59-9254,"28057 Cynthia Dale
Dawnmouth, MO 80211",N,miles
60,Dylan Jackson,392-45-5752,"4894 Michael Viaduct Apt. 133
Simonshire, SC 15353",Y,hours
61,Shari Alexander DDS,796-79-1242,"981 Brewer Glens Apt. 504
Lindaberg, NY 83288",N,hours
62,Mary Morton,364-40-3004,"57071 Wilson Plain Apt. 149
Smithburgh, TX 66884",Y,hours
63,Caleb Olson,804-02-4288,"4889 Kathy Union
Sanchezfurt, FM 53520",Y,miles
64,Lisa Nguyen MD,044-91-4438,"12976 Christopher Route Apt. 913
Wandatown, HI 77122",N,hours
65,Sara Phillips,344-98-3069,"8140 Julie Mall
Hansonland, PR 93057",N,miles
66,Angela Garner,369-18-5543,"1807 Lucas Rapid Apt. 696
Port Sarahchester, SD 40791",Y,miles
67,Heather Smith,609-01-1327,"0989 Gerald Ways
North Scottville, CO 78782",Y,hours
68,John Brock,807-49-1223,"48520 Johnson Cape
Gutierrezfurt, MT 77035",N,hours
69,Stacey Hernandez,226-04-4546,"7185 Crosby Port Apt. 753
Lambberg, WI 72337",N,hours
70,Collin Jones,878-02-2549,"19742 Brown Isle
Youngtown, CO 11115",Y,miles
71,Glenn Lester,700-06-0174,"74376 Walsh Islands Suite 882
Kingview, FL 55648",N,hours
72,Sandra Gray,802-89-0837,"45232 Schultz Skyway Suite 854
East Johnton, MS 18451",N,hours
73,Laura Thompson,807-55-3047,"747 Linda Overpass Apt. 799
North Andrewbury, DE 79979",N,miles
74,Rebecca Marshall,542-17-6922,"PSC 9306, Box 4051
APO AP 98542",N,miles
75,Thomas Bonilla,309-50-8377,"069 Hudson Crescent
New Aaronmouth, GA 04546",N,hours
76,David Jackson,878-81-5189,"0497 Webster Way
Richmouth, WY 91028",N,hours
77,Richard Washington,715-78-4232,"5174 Johnson Ramp Apt. 208
Johnsonland, WA 24580",Y,miles
78,Gary Reyes,217-47-8080,"USCGC Kirk
FPO AE 67351",N,miles
79,Clinton Brown,774-10-4652,"6085 Richard Lodge
Moranmouth, GU 19670",N,hours
80,William Reid,347-46-2283,"36730 Jessica Camp Apt. 615
South Lindaland, NE 41997",N,miles
81,Tammy Young,333-40-2969,"50372 Kathryn Alley Suite 619
Port Jonathan, PA 31790",Y,hours
82,Matthew Miller,277-92-3846,"0331 Burns Crescent Apt. 207
Howellbury, NE 87426",N,hours
83,Tammy Hamilton,150-35-6149,"9646 Myers Road
Jimberg, IL 09585",N,miles
84,Cynthia Pierce,373-95-4160,"90758 Moore Plains Suite 255
Robynmouth, PR 41886",Y,hours
85,Kara Evans,069-36-9977,"34761 Sarah Cove Suite 835
Caldwellhaven, CA 31815",N,miles
86,Lawrence Davis,141-44-0569,"3607 William Port Apt. 768
Obrienborough, TN 44609",Y,miles
87,Tracy Boyer,373-44-9437,"80973 Nolan Glens Apt. 481
Lake Amanda, AK 12449",Y,hours
88,Adam Flowers,041-24-1900,"880 Kyle Streets
New Randyville, NE 41598",N,hours
89,Carla Ochoa,212-99-6884,"USNS Peterson
FPO AA 71004",Y,miles
90,Tiffany Gray,710-43-9796,"USNS Hudson
FPO AA 72224",N,hours
91,Rose Miles,721-21-6061,"2578 Joshua Curve
Travismouth, NE 37486",N,hours
92,Haley Martin,452-49-6454,"2324 Shelby Gateway
Derekbury, OR 26098",N,hours
93,Pamela Sherman,170-20-5529,"742 Hurst Points
North Blakestad, PA 68456",N,hours
94,William Adams,897-72-3466,"60955 Munoz Rue Apt. 060
New Larryside, DE 71772",Y,miles
95,Steven Bauer,005-61-4261,"481 Stuart Viaduct Suite 219
Danielfurt, FM 46746",N,hours
96,Lauren Cox,153-74-0692,"53594 Joseph Meadows Apt. 119
East Jasonville, MH 26442",N,miles
97,Tyler Larson,123-12-2977,"75206 Krista Trafficway Suite 605
Petersonborough, MH 17088",Y,miles
98,Sarah Martinez,088-89-2708,"72951 Davis Turnpike
Cruzhaven, GA 50092",Y,miles
99,Maria Johnson,654-68-4995,"USCGC Rodriguez
FPO AP 93594",N,hours
100,Elizabeth Rivas,462-98-4443,"755 Natalie Brook
Farleyville, SC 88597",Y,miles
101,Samuel Smith,075-79-1984,"4568 David Ford
Dawsonland, FL 49058",Y,hours
102,Joseph Mitchell,721-06-3062,"243 Holloway Plains
Briannaburgh, CO 61540",Y,miles
103,Jasmine Clayton,410-66-2623,"5187 Warren Springs
Melodystad, LA 74707",Y,miles
104,Robert Jones,802-05-3524,"PSC 6061, Box 6112
APO AP 01445",Y,hours
105,Miranda Sims,707-73-5497,"PSC 0632, Box 3363
APO AE 34515",N,miles
106,Victoria Andrews,716-82-5127,"854 Larson Centers Suite 146
Tammyview, MA 51377",Y,hours
107,Jennifer Vazquez,456-26-0232,"3127 Lisa Stream Suite 449
Stewartberg, CO 22109",N,miles
108,Katherine Mendez,437-45-6342,"19163 John Locks
Jessicaberg, OK 78819",N,miles
109,Michael Harris,003-29-4648,"15679 Perez Grove
Lake Molly, FL 32020",Y,miles
110,Brittany Hill,727-06-9115,"3249 Sutton Via Suite 719
Joanberg, NE 45398",N,miles
111,Zachary Olson,454-04-2781,"843 Garcia Ferry Apt. 276
Paultown, PA 35608",Y,miles
112,John Espinoza,255-74-3258,"207 Hayes Mount
Helenton, PW 24814",N,miles
113,Stacey Stark,209-44-2738,"2978 Tara Divide Suite 404
Port Angelburgh, SD 14794",N,hours
114,Charles Miranda,440-03-4215,"70213 John Port Suite 144
Allenborough, MT 54936",N,miles
115,Bethany Peters,160-62-7360,"647 Benitez Run Suite 324
Dawnmouth, OH 29947",Y,hours
116,Patricia Bullock,457-80-8480,"44946 Delgado Radial Suite 938
East Raymondbury, SD 68950",N,miles
117,Janice Bridges,566-77-8739,"90682 Edwards Lake Apt. 740
New Daniel, NJ 46462",Y,miles
118,Jose Mueller,315-56-5254,"466 Jason Summit Suite 336
Dixonberg, CO 01085",Y,hours
119,Melissa Lyons,780-32-5386,"238 Lisa Falls
Port Gloriaville, IN 48822",N,hours
120,Jennifer Thompson,323-85-8186,"46046 Jessica Cove Apt. 291
South Ryanberg, TX 68471",N,hours
121,Rachael Proctor,356-65-7784,"USS Johnson
FPO AA 17265",N,hours
122,Terri Riley,881-98-6577,"948 Rivera Island
West Brianaside, GA 83946",N,hours
123,Shelly Golden,570-64-5167,"Unit 6836 Box 6493
DPO AP 90641",Y,miles
124,John Hunt,066-67-3192,"USCGC Garcia
FPO AA 98432",N,hours
125,Julie Nolan,778-33-7461,"550 Brown Locks Suite 890
South Brittanyview, WY 47924",N,hours
126,Jeffrey Griffin,644-67-7216,"20727 Young Harbors Apt. 298
Port Vernonmouth, VA 72244",N,miles
127,Taylor Ramirez,004-55-6318,"73815 Nichols Street Suite 303
West Lydia, MO 09390",Y,hours
128,Erika Rodriguez,498-08-5223,"40181 Angela Expressway
South Nicole, DE 30665",Y,miles
129,Christopher Ray,199-62-7973,"498 Cannon Coves
Ortizfurt, AS 50910",Y,hours
130,Rebecca Walker,278-38-4165,"175 Omar Burg
North Matthewside, NM 79258",N,hours
131,Jessica Newman,028-79-7695,"85624 Kimberly Mountains Apt. 170
Port Tonyland, KY 15252",N,miles
132,Allen Gomez,876-15-6406,"644 Thomas Gardens Apt. 043
Reidton, NV 60509",Y,miles
133,Madeline Wilson PhD,266-73-9059,"362 Veronica Drive
South Haley, MP 28252",N,hours
134,Cole Dennis,225-95-1632,"2844 Wyatt Expressway Apt. 444
Myersfort, IL 32475",N,hours
135,Stephanie Booth,851-04-5892,"44114 Lopez Loaf
Wilkinsberg, GU 42100",Y,hours
136,Jessica Smith,123-13-5271,"9781 Michael Forest
New Joseph, WY 04383",Y,hours
137,Erica Solis,598-35-6718,"7370 Holden Plaza Apt. 334
Holmesburgh, MI 28947",Y,miles
138,Jennifer Bennett,776-79-8043,"0152 Cody Rest
Carolineview, AZ 95279",Y,hours
139,Michael Aguilar,461-02-4329,"80635 Hill Pike Apt. 116
Hubermouth, MD 77572",Y,miles
140,Valerie Thompson,575-44-0152,"8848 Lamb Lodge Apt. 439
Port Christophermouth, MA 23987",Y,hours
141,Mark Alvarado,729-38-5745,"77264 Douglas Springs Apt. 041
Oscarberg, NJ 50197",N,hours
142,Richard Ward,107-22-7165,"5614 Wendy Street Apt. 402
Thompsonland, TN 87422",Y,hours
143,Megan Bryan,044-52-0989,"548 Alexis Freeway
Carolynland, NC 91471",N,miles
144,Brian Lowe,029-49-2940,"744 Lane Trail
Thomasland, WV 34883",N,hours
145,Brian Stevens,661-87-9159,"97946 Hannah Neck
West Yeseniaton, RI 84957",Y,hours
146,John Daniel,394-50-7121,"864 Williams Land
New Tyrone, OH 43580",Y,miles
147,Eric Burke,176-35-6172,"79357 Williams Valleys Apt. 053
Jonesstad, NV 53068",Y,hours
148,Dr. Melissa Bolton,836-80-8605,"2319 Benjamin Fall Apt. 514
New Stephaniechester, CA 31791",Y,miles
149,Elizabeth Smith,477-37-8500,"09676 Kayla Drive
Stevenside, AZ 70535",Y,miles
150,Mariah Sandoval,383-03-3508,"600 Karen Valleys
Port Anthonyport, CA 99204",N,miles
151,John Miller,304-02-9381,"219 Baxter Center Suite 406
Sheaville, VA 68339",N,miles
152,Richard Romero,491-60-9312,"9015 Powell Estate
Richardbury, HI 59334",Y,miles
153,Wayne Baker,075-53-8074,"40941 Melody Route
Amyland, PW 13017",Y,miles
154,Karen Nguyen,474-91-4836,"96207 Byrd Inlet
West Nicole, NH 10048",Y,miles
155,Nicole Jensen,748-48-6280,"959 Scott Fork Suite 935
Hoffmanbury, CT 88109",N,miles
156,Natasha Sullivan,498-70-5991,"4165 Aguirre Wells Suite 514
Elliotttown, MT 22580",N,miles
157,Jessica Stewart,662-62-1399,"028 Wilson Squares
North Laurie, CA 19972",N,hours
158,Alexandra Gilbert,391-46-3015,"USS Jackson
FPO AE 76187",N,miles
159,Mary Nolan,686-91-5625,"6203 Lowe Way
Thompsonmouth, WY 67176",N,hours
160,April Gay,761-08-3494,"36769 Christy Brook
Lake Danaborough, AS 43319",Y,miles
161,Elizabeth Watson,820-83-1007,"33577 Melissa Ville Apt. 768
Millerhaven, MP 99024",Y,miles
162,Alexander Singh,770-08-5150,"018 Dylan Walk
Mayerton, VA 89822",N,miles
163,Jeffery Figueroa,837-93-0594,"Unit 9769 Box 5660
DPO AP 86744",N,hours
164,Shannon Hicks,536-34-2752,"25753 Rosario Ridges Apt. 519
South Melissa, WY 57144",N,hours
165,Nicole Ramirez,400-66-7738,"1709 Thomas Heights
Harrisport, CO 96901",N,miles
166,Julia Mcintyre,274-88-7140,"91252 Christine Trail Apt. 795
Youngfort, AZ 43156",Y,hours
167,Marcus Hall,308-60-8133,"1907 Robert Turnpike
East Wesleyfurt, AR 01999",N,miles
168,Victor Tran,834-62-6519,"04124 Collins Cliff Apt. 167
Larsentown, MS 72212",N,miles
169,Rita Mccarty,084-08-6704,"57382 Melissa Fords Suite 799
Shannonview, GA 45201",Y,miles
170,Laura Donovan,687-22-0782,"10193 Stanley Circle Suite 288
Port Ninafort, TX 10236",N,miles
171,Dr. Patrick Burns,651-96-0642,"Unit 2171 Box 3978
DPO AP 02443",N,miles
172,Maria Lane,467-56-6551,"4886 Mary Locks
West Hannah, MT 31916",Y,hours
173,Adam Klein,615-24-4663,"018 Roth Manors Apt. 407
North Kathleen, VA 11435",N,hours
174,Denise Anderson,814-79-5690,"7357 Julie Prairie
Mercedeshaven, PW 90560",N,miles
175,Katherine Johnson,499-16-7644,"492 Farrell Villages Suite 617
Lake Karenmouth, CO 81580",Y,hours
176,Jacob Phillips,585-09-9687,"9633 Brianna Mount Suite 298
West Williamshire, NC 49309",N,hours
177,Mary Mcgee,790-62-6737,"PSC 7534, Box 5544
APO AA 84453",N,miles
178,Emily Camacho,775-64-0347,"85671 Coleman Track
South Taraborough, UT 37157",N,miles
179,Brandon Carter,028-34-6250,"USNS Sellers
FPO AE 06583",Y,miles
180,Christopher Avila,429-28-6443,"247 Hurst Isle
Stephaniehaven, MO 93913",Y,hours
181,Brandy Hoover,301-73-0912,"USCGC Turner
FPO AP 46670",Y,hours
182,Michael Williams,866-40-4410,"9224 Herrera Court Apt. 172
Saundersmouth, NH 96593",N,hours
183,Jacob Jones,046-34-5294,"157 Odom Run
East Rebeccafort, MI 08362",N,miles
184,David Cohen,259-29-6058,"91314 Vaughn Underpass Apt. 133
Michaelton, OK 95292",Y,miles
185,Kristine Kline,004-82-7501,"77956 Craig Springs Apt. 033
Sarahchester, NE 47656",Y,miles
186,Jacob Thompson,078-62-1773,"060 Tina Terrace Apt. 390
New Angelicaville, PW 60889",Y,miles
187,Levi Cruz,112-45-6032,"1131 Joshua Harbor
New Davidhaven, MI 33755",Y,miles
188,Michele Hansen,256-38-7757,"800 Chelsea Wells
Coxstad, CO 27876",Y,hours
189,Raymond Lopez DDS,463-08-1062,"84160 Best Extensions
Stanleymouth, AZ 87730",N,miles
190,Melissa Chung,898-93-4257,"97550 Joyce Point
Russellhaven, NJ 45763",Y,hours
191,Susan Baird,855-37-0815,"8916 Nicole Via Suite 120
Walkerburgh, TX 24076",Y,miles
192,Katie Hernandez,852-75-1963,"2438 Samantha Mountain Apt. 466
Hillburgh, MS 69300",Y,hours
193,Rebecca Larson,330-87-4761,"8746 Evans Junction Suite 319
Martinezmouth, NE 11515",Y,hours
194,Gary Swanson,711-34-9093,"2865 Kelly Overpass
Lake Kaitlynbury, NJ 59366",Y,hours
195,Daniel Hall,020-16-1995,"80450 Lindsey Creek Suite 962
New Destinyside, MS 55496",Y,hours
196,James Garcia,484-86-6651,"547 Howard Prairie
Nortonmouth, AS 58777",N,miles
197,Cynthia Wheeler,369-92-0557,"862 David Ville Suite 999
Hebertport, PA 59295",Y,hours
198,Caroline Jones,538-39-0288,"9698 Elizabeth Alley Apt. 530
Salaston, IA 61139",N,miles
199,Keith Anderson,798-49-0106,"8339 Charles Island Apt. 113
Port Amanda, DC 53867",Y,hours
200,Jesse Rogers,032-89-6940,"PSC 5726, Box 1761
APO AE 01582",N,miles
201,William Bailey,706-61-8512,"6860 John Island Apt. 969
Jasonbury, MD 66664",N,hours
202,Patricia Stokes,585-27-2764,"07713 Stephen Valleys Suite 643
West Jeremy, CO 42768",N,hours
203,William Martinez,131-50-6073,"8641 Debbie Center Suite 602
Lake Chrisborough, KY 58476",N,miles
204,Rebekah Anderson,695-48-7781,"USNV Miller
FPO AP 82809",Y,hours
205,Jessica Garcia,802-36-7639,"94151 Sherman Throughway Suite 525
Port Cynthiaside, VA 93988",Y,miles
206,Paul Chapman,777-17-2396,"227 Brown Gateway Apt. 911
East Kathleen, ME 07912",Y,hours
207,Kimberly Vargas,206-06-6990,"529 Paula Coves
Turnerberg, WY 66230",N,miles
208,Stephen Smith,383-17-0272,"855 Emily Island
Mullenburgh, NJ 50952",N,hours
209,Christine Carter,180-52-2979,"2269 Jackson Crescent Suite 401
North Michelemouth, MA 03939",N,miles
210,Lisa Johnson,430-40-6506,"606 Rebecca Corners
New Joelmouth, RI 11167",N,miles
211,Evan Rangel,444-33-6776,"5671 Werner Canyon
Espinozamouth, VA 40173",Y,miles
212,Carlos Jones,360-75-4926,"902 Walker Pike
East Randymouth, AZ 36933",N,miles
213,Timothy Liu,105-04-9181,"3854 Lindsay Coves
South Brendahaven, MN 10794",Y,miles
214,Kayla Harrell,239-97-4391,"253 Donald Spring Suite 915
North Maryside, TN 81648",Y,hours
215,Alexa Daniels,740-52-0799,"1126 Joshua Forges Apt. 204
Castilloside, GA 21139",Y,hours
216,Jasmine Miller,509-40-3848,"318 Jordan View
West Brentborough, NJ 64020",Y,hours
217,Kelly Hall,695-39-6780,"6368 Mathews Brook
South Ruben, MS 55481",N,hours
218,Crystal Williams,775-99-2166,"935 Mark Summit Apt. 147
Lake Adrianshire, OH 42122",Y,hours
219,Christina Hayes,437-16-9339,"51342 Jeffery Path Suite 223
Rollinsville, NV 19902",N,miles
220,Amanda Jackson,504-50-3226,"973 Heather Ports Apt. 281
Rogersmouth, ME 82024",N,miles
221,Cynthia Mays,858-20-3694,"27147 White Passage Suite 413
Beasleyfurt, AL 42892",N,hours
222,Timothy Black,636-30-1992,"28692 Palmer Square Apt. 352
Samanthaberg, UT 88092",Y,hours
223,Christopher Phillips,326-67-1766,"8480 Haas Center
Lake Megan, IL 38886",N,hours
224,Julie Garrison,685-64-6771,"Unit 9143 Box 5779
DPO AE 79711",Y,miles
225,Gabriel Park,283-49-9124,"360 Wall View
Port Jeffrey, OK 85661",N,hours
226,Nancy Moore,001-99-6991,"49823 Smith Street Suite 795
Stacyland, HI 02088",Y,miles
227,Margaret Walker,554-94-2819,"496 Amanda Ferry
Tranmouth, IL 11957",N,hours
228,Michelle Torres,692-50-9837,"39199 Rachael Spurs Apt. 426
Chaneymouth, UT 11436",Y,hours
229,Stacey Roberson,834-26-9197,"6626 Park Harbors Apt. 925
Heathbury, IL 35736",Y,miles
230,Karen Leblanc,152-37-0957,"028 Ashley Estates Apt. 461
Juarezstad, NY 10075",Y,miles
231,Jacob Sanchez,862-65-7574,"6859 Darius Shoal
New Marcmouth, OH 78369",N,miles
232,Michael Morgan,468-32-4358,"0145 Brown Village
Wattsburgh, NJ 87988",Y,miles
233,Theodore Taylor,424-87-1116,"7527 Elizabeth Avenue Apt. 266
South Gabriel, UT 56024",N,miles
234,Amber Bailey,306-18-8006,"3857 Bradley Cape Suite 894
East Courtney, ME 75592",N,miles
235,Steven Smith,045-32-2979,"34249 Sarah Road
East Patricia, TX 96497",N,miles
236,Mary Zavala,198-43-2062,"2194 Sloan Circles
Myershaven, VA 32019",Y,miles
237,Dan Osborn,209-29-6507,"USS Young
FPO AA 87073",N,miles
238,Amanda Harmon,236-98-7252,"4554 Valencia Corner Suite 045
Port Robertport, RI 10297",N,hours
239,Angela Sharp,483-10-1517,"820 Sullivan Plaza Suite 078
North Lindaborough, ME 90848",Y,hours
240,Heather Simon,333-60-8544,"534 Joseph Club Suite 790
North Alejandro, WI 55889",N,hours
241,Rebecca Pineda,474-28-4740,"343 Shah Cove Apt. 773
West Jasonchester, MP 01493",Y,hours
242,Nicole Ortiz,471-17-1569,"31033 Tony Well
Greenside, PR 19163",Y,hours
243,Stephen Ford,166-61-9070,"52033 Davis Way
Moniqueville, VA 71119",Y,miles
244,John Cox,680-28-5683,"88068 Corey Fork
Hunterville, MT 64241",N,hours
245,Tanya Barrett,697-10-5422,"17980 Patrick Drives
Samuelburgh, NE 68654",N,hours
246,William Parker,706-58-1244,"510 Mathis Loop Suite 608
Smithport, MS 56269",N,miles
247,Casey Clark,486-31-5502,"5122 Odonnell Port
Hicksberg, DC 75612",N,hours
248,Frederick Jones,667-46-8448,"4265 Jacqueline Spurs Suite 871
Younghaven, AK 82613",Y,hours
249,Valerie Jones,251-31-5799,"9512 Berg Street
North Sarah, OR 19554",Y,miles
250,Todd Patel,460-37-5082,"359 Katrina Shores
East Gina, MN 39574",Y,hours
251,Erik Martinez,522-49-7945,"26148 Anthony Crossroad Apt. 421
New Matthew, NM 54009",Y,miles
252,Ricky Gallagher,160-54-9845,"18048 Antonio Locks Apt. 624
North Cristinashire, AZ 48584",Y,miles
253,Sandra Brown,788-33-2297,"46407 Campbell Trail
Larsenbury, MS 56019",Y,miles
254,Gwendolyn Freeman,891-87-9495,"425 Kevin Mill
Davidfort, FM 90723",Y,hours
255,Nathan Munoz,043-89-7749,"000 Mcdonald Crossing
Gallegoshaven, CT 10058",Y,miles
256,Zachary Thompson,753-40-7995,"54265 Barker Place Suite 575
Mathewshaven, OR 43535",Y,miles
257,Julie Rodriguez,592-29-6807,"265 Katherine Mews
New Regina, WI 75287",N,miles
258,Kathleen Weeks,779-82-2489,"4921 Tammy Vista Apt. 579
Stephensonville, KS 56931",Y,miles
259,Erica Craig,549-72-9517,"0616 Daniel Orchard
East Julie, CT 24363",N,hours
260,Paul Long,133-62-4259,"72289 Stephanie Lane Apt. 176
Benjaminton, DE 32134",N,miles
261,James Simon,480-65-7910,"3848 Sharon Cove Suite 447
Jamiechester, ME 50238",N,hours
262,Mark Jefferson,564-86-9272,"04359 Alexander Roads
East Ronaldberg, LA 02094",Y,hours
263,Christine Espinoza,295-97-2252,"USNS Jones
FPO AE 37983",N,miles
264,Steven Davis,551-25-4465,"PSC 3433, Box 9174
APO AP 97492",N,miles
265,Michelle Nguyen,689-23-9120,"8671 Lori Trafficway
Espinozashire, GA 13613",N,hours
266,Alexis Austin,622-30-9689,"4793 Gonzalez Springs
Shannonmouth, DE 81013",N,miles
267,Jason Lee,149-28-1927,"PSC 2590, Box 4913
APO AE 30552",Y,miles
268,Carolyn Caldwell,322-29-4669,"2688 Brandon Brook
Grahamstad, VI 33455",Y,miles
269,Taylor Williams,781-78-3609,"622 Nancy Heights
Perryville, ID 07977",Y,miles
270,Mr. Stephen Santana,812-28-7929,"90913 Thomas Shores
Erichaven, ND 80667",Y,hours
271,Stephen Thomas,318-32-5477,"0010 Graham Spurs Suite 172
Dianaland, NY 83272",N,miles
272,Rebecca Vasquez,555-02-4594,"4614 Lowe Pass
Carltown, PR 31855",Y,hours
273,Eric Mcdowell,789-16-0556,"8337 Rodriguez Port Apt. 287
Anitaborough, NV 97925",N,miles
274,Sara Sanchez,073-54-3875,"67991 Contreras Junction Suite 689
Lyonsbury, UT 25383",N,miles
275,Mr. Alejandro Chen,444-18-4045,"388 Franklin Parks
South Michael, MA 43725",Y,hours
276,Melissa West,029-85-6481,"9620 Bryant Keys Apt. 145
North Brad, ND 34747",N,hours
277,Kristen Hartman,718-87-7605,"419 Dana Turnpike
Harrisonland, ME 66185",N,hours
278,Todd Riley MD,688-28-0592,"67946 Owens Road
West Annette, TN 36064",Y,miles
279,Timothy Cox,689-22-2559,"1445 Medina Rapids Apt. 625
Clinefort, DE 36756",Y,hours
280,Justin Ward,891-53-3043,"80249 Zachary Junction Apt. 147
West Gerald, OR 71475",Y,hours
281,Joshua Hancock,289-22-8251,"USNV Mitchell
FPO AP 42603",N,miles
282,Lori Simmons,725-18-7687,"97369 Tasha Prairie
North Judy, WY 23924",Y,miles
283,Jonathan Mccoy,487-27-9391,"789 Tricia Glens Suite 703
Joelburgh, MI 16926",N,hours
284,Louis Black,196-06-7323,"12324 Angela Way Suite 727
Sandrabury, NH 29151",N,miles
285,John Morgan,255-74-4835,"4643 Yvonne Gardens Apt. 328
Amyport, HI 02581",Y,miles
286,Sara Brown,210-93-6900,"28312 Richard Springs
Payneberg, SD 71229",Y,miles
287,Russell Davis,078-62-5932,"PSC 3220, Box 3408
APO AP 89571",N,hours
288,Rachel Burns,351-87-7938,"USS Bishop
FPO AP 95478",Y,miles
289,Andrea Brown,190-53-2295,"0130 Kevin Lakes Suite 714
Lake Lauren, VT 48088",N,miles
290,Christopher Guzman,564-08-5154,"195 Toni Square
West Katiemouth, NC 25306",N,miles
291,Karen Foster,312-65-1520,"65520 Thompson Brooks
Hayeston, GA 55742",N,miles
292,Jennifer Sharp,213-62-6152,"790 Mclaughlin Course
Lake Cheyenne, ME 02873",N,hours
293,Elizabeth Dennis,367-68-8953,"0813 Tina Islands Suite 043
North Charles, DE 09112",Y,hours
294,Samuel Watts,508-81-4219,"960 Franklin Freeway
Karenton, NE 50328",N,hours
295,Edward Krueger,760-90-8847,"860 Julie Wall
Millerview, WY 37384",Y,miles
296,Chelsea Kelly,477-28-0525,"286 Cindy Manors
East Nicholaschester, KS 33094",Y,hours
297,Sandra Morgan,825-36-0117,"87945 Eric Passage Suite 323
North Katiechester, FM 29550",N,hours
298,Daniel Freeman,057-12-4407,"12745 Buchanan Pass Apt. 421
Kaylaland, DE 22016",Y,hours
299,Tonya Gates,835-04-0508,"0984 Beth Underpass Suite 552
Port Robert, KY 43436",Y,miles
300,Julie Mcdonald,008-51-8523,"178 Porter Estate
Donnatown, DC 78161",Y,hours
301,Michael Torres,841-62-4734,"693 Diane Road Apt. 175
Shermanland, KY 76547",Y,miles
302,Marc Alexander,223-22-2079,"9410 Audrey Ville
Hardinborough, NM 47910",N,miles
303,Travis Lee,522-54-3729,"51983 Rollins Unions Apt. 416
Port Williamberg, TN 06683",Y,miles
304,Andrea Rivera,453-98-6797,"63449 Wilson Lock
Garytown, MP 12968",N,miles
305,Michelle Bass,414-24-0702,"01001 Noah Fall
West Richardfurt, WV 11265",N,miles
306,Dale Kennedy,479-63-1440,"37552 Parker Mill
Jordanmouth, OK 69448",N,hours
307,Kim Johnson,791-99-3180,"61121 Stephanie Pass Apt. 292
Wallacechester, DC 61670",N,miles
308,Nicole Alvarado,615-19-4964,"6395 Jessica Stream
New Katelyn, DC 76599",Y,miles
309,Tristan Bishop,242-53-2557,"059 Justin Mountains Suite 307
Brendaberg, TN 36281",Y,hours
310,Alexander Williams,798-85-0430,"PSC 5878, Box 3645
APO AP 58874",Y,hours
311,Monica Acosta,142-40-2514,"99267 Donna Brook Suite 364
New Crystalborough, AZ 71776",Y,hours
312,April Elliott,183-98-2445,"658 Kristine Brook Apt. 980
Perrystad, OR 90675",N,miles
313,Nathaniel Lambert,889-11-6821,"8458 Harris Centers Apt. 074
South Adamtown, UT 06437",N,hours
314,Kimberly Bullock,104-87-2375,"854 Jacob Mews Suite 138
North Nathanielview, OR 92415",N,hours
315,Dwayne Arias,510-65-0073,"560 Amanda Mission
Andersonside, FM 78465",N,hours
316,Amber Espinoza,727-26-5675,"2734 Carroll Burg
South Todd, OH 81917",N,hours
317,Crystal Fritz,643-45-8905,"42929 Daniels Heights Apt. 766
Robertberg, IN 55322",Y,hours
318,Nicole Beard,672-59-4609,"629 Thomas Oval
North Amyborough, LA 27299",Y,miles
319,Maurice Moore,861-98-2716,"9467 Curtis Skyway
Weberburgh, RI 31825",N,miles
320,Chelsea Calhoun,676-68-4666,"28323 Daniel Mount
Williammouth, MI 28189",N,hours
321,Tracy Clay,576-05-2710,"38433 Corey Plains Apt. 682
Annetteside, TX 10300",Y,miles
322,Stephen Gilmore,214-36-5987,"93699 Turner Port Suite 599
Kylefurt, NC 46719",Y,hours
323,Joseph Tran,809-24-5563,"482 Christopher Trafficway Suite 015
Stacieshire, OR 24281",Y,hours
324,Joseph Guzman,645-07-2979,"59855 Lowe Fields Suite 466
East Jennifer, ID 96580",N,hours
325,Daniel Roberts,522-43-3788,"96560 Nancy Drive Apt. 851
Lake Aliciastad, CT 56450",Y,hours
326,Kirk Ramsey,614-08-6142,"USCGC Kirk
FPO AA 37227",Y,hours
327,Ashley Dunn,438-91-9007,"PSC 5060, Box 3328
APO AA 20844",Y,hours
328,Stephanie Mayer,208-26-6963,"91649 Laurie Road
West Andrea, MH 13688",N,miles
329,Logan Adams,108-65-6649,"2989 Sandoval Valley
Lake Kimberly, NH 55559",Y,hours
330,William Walton,545-17-7176,"PSC 8912, Box 1757
APO AA 57328",N,hours
331,Chelsea Huber,633-71-7109,"3579 Jordan Lock Apt. 275
Destinymouth, AR 93826",N,miles
332,Thomas Zamora,136-84-1613,"843 Darlene Motorway
Bartonborough, LA 57388",N,miles
333,Barbara Kirby,154-97-5634,"72326 Roy Creek Suite 318
Barberburgh, MI 30094",N,hours
334,Stephanie Hood,148-58-1887,"Unit 5119 Box 1953
DPO AE 15248",Y,miles
335,Veronica Fuentes,561-73-9063,"487 Silva Islands
Melindaland, RI 85166",Y,miles
336,Eric Joyce,383-81-6953,"10040 Myers Ways Apt. 536
Gomezmouth, TN 93458",Y,miles
337,Matthew Morris MD,017-66-5423,"73670 Michael Skyway Suite 311
Curtisfort, KY 50513",N,hours
338,Christine Shaffer,547-98-6294,"50261 York Harbors Suite 255
Kevinside, WV 32887",Y,hours
339,Susan Martinez,574-34-3955,"15819 Miller Highway
Joshuastad, RI 95204",Y,hours
340,Nicole Love,412-08-2677,"6204 White Streets
Lisaburgh, MH 32973",N,hours
341,Amanda Griffin,016-28-7644,"681 Scott Mills
Jonathanview, MN 84095",N,hours
342,April Lewis,520-02-8669,"944 Nguyen Field
Booneton, GU 87731",N,miles
343,Doris Hall,165-79-2826,"394 Bell Heights Suite 975
Larryside, IN 22421",N,miles
344,Juan Edwards,840-57-9793,"91448 Compton Drive Suite 848
Robertton, PR 20985",Y,miles
345,Matthew Smith,877-70-2916,"6320 Cox Mews
Bishoptown, WA 26711",Y,miles
346,Miranda Martinez,109-94-5380,"USNV Reed
FPO AP 50718",N,miles
347,Andrew Solis,271-84-2225,"719 Jeffery Freeway
Kimshire, AZ 77042",N,miles
348,Reginald Ross,159-32-3028,"65931 Cory Rapids Suite 684
Williamside, WV 03657",N,hours
349,Tonya Ramsey,263-01-5523,"194 Christopher Gardens Apt. 417
Mathewport, IA 54927",N,miles
350,Heather Wagner,839-92-3869,"74977 Gray Ports
South Scott, ME 53016",Y,miles
351,Mr. Joseph Carter,593-05-3905,"3221 Katherine Bridge
Thomasland, NV 40429",Y,hours
352,Stacy Mcclure,141-37-5542,"252 Jeffrey Manor Apt. 363
Holtchester, WA 83020",N,miles
353,Joshua Fisher,335-13-6264,"337 Graham Shore
Lake Elizabethstad, NE 39883",N,miles
354,Amber Diaz,351-94-8449,"40354 Escobar Green Apt. 106
Port Tyler, KY 66400",Y,hours
355,Kerri Graves,522-84-8064,"3457 Sarah Walk Apt. 586
North Brandon, GU 52530",Y,hours
356,Joseph Garner,878-55-2661,"069 Parker Cove Apt. 174
Gibsonville, NE 36759",N,miles
357,Patricia Perry,502-19-1381,"13390 Davila Highway
South James, IL 45904",N,hours
358,Michael Carr,603-36-3230,"227 Joshua Valleys
East John, PR 88510",N,hours
359,Makayla Garcia,609-39-9489,"949 George Lodge
Courtneyborough, MS 91275",N,hours
360,Brianna Phillips,423-27-8576,"9374 Bobby Pass
Duncanhaven, PR 53016",N,miles
361,Jennifer Burton,011-85-4884,"000 Carey Coves Apt. 439
Larsontown, KS 32008",N,miles
362,Taylor Pearson,481-91-8025,"7919 Jeffrey Fork Apt. 137
North Robert, RI 16425",Y,hours
363,Amanda Hartman,315-91-3373,"354 Zachary Viaduct
Leetown, VI 10681",Y,hours
364,Karen Costa,016-20-5489,"776 Edward Plains Suite 777
East Glenn, NV 52198",N,miles
365,Todd Ball,272-58-5961,"68053 Hill Creek
Kellyland, IA 05171",N,hours
366,Joseph Harmon,055-40-1101,"91030 Michael Corner
East Anthonytown, WI 26491",N,hours
367,Melanie Rasmussen,054-02-3085,"83955 Villa Fork
Vaughnmouth, TX 37607",Y,miles
368,Debbie Espinoza,017-65-9209,"698 Haas Drive Suite 477
Port Kimberlyland, NY 69905",N,miles
369,Nicholas Carter,324-39-7485,"Unit 8434 Box 6646
DPO AA 78489",Y,hours
370,Kathleen Davies,671-90-3718,"947 English Freeway Apt. 900
Bonillaborough, SD 28229",N,hours
371,Nathan Maxwell,085-32-9290,"5753 Laura Knoll Suite 871
New Neilberg, FL 23251",N,miles
372,Patrick Fernandez,535-32-5898,"93323 Jamie Plains Apt. 714
Michealland, IN 72386",N,miles
373,Jeremy Ramirez,232-81-2622,"85965 Jeffrey Row Suite 685
Reynoldsburgh, WV 30505",N,miles
374,Abigail Thompson,009-02-3585,"491 John Mill
Lisabury, VI 28930",N,miles
375,Catherine Baker,628-07-1184,"58229 Kathleen Ville Apt. 754
Angelaland, WA 35935",Y,hours
376,Melanie Hernandez,860-16-9568,"62102 Dunn Port
Lake Robertburgh, CO 44441",Y,hours
377,Joseph Weiss,518-59-5481,"7354 Fletcher Drive Apt. 654
Hunterton, MI 32695",N,miles
378,James Allen,107-72-8003,"820 Bowen Crossroad
Morseport, MO 62073",N,miles
379,Daniel Torres MD,511-57-2267,"0318 Robinson Meadow Suite 666
South Bonnie, PA 32616",N,hours
380,Ryan Williams,214-83-9070,"23413 Rodgers Springs
Bethanymouth, NM 25532",Y,miles
381,Charles Espinoza,303-38-2026,"49389 Ramirez Pass Suite 058
Lake Scottchester, GA 84939",N,hours
382,Allison Howell,449-95-2149,"9505 Salazar Summit Apt. 616
Francisport, MI 54338",N,miles
383,Diana Williams,049-97-2328,"911 Ashley Row
West Gregorychester, MP 41006",Y,hours
384,Matthew Peterson,051-29-7543,"2818 Mcguire Trail
Martinfurt, KS 49015",Y,hours
385,Mark Stein,586-65-0240,"2485 Carson Trafficway
Clintonborough, IA 59738",N,hours
386,Elizabeth Brady,614-43-9747,"8584 Perez Road Suite 480
East Brendaview, MS 46185",Y,hours
387,Jessica Hernandez,279-55-1834,"9592 Larry Ridges
Marksville, IL 62380",Y,hours
388,Hannah Atkinson,387-04-2143,"8514 Day Route
Gabrielside, MS 47041",N,hours
389,Jose Davenport,382-01-8278,"9216 Sonia Viaduct
Rossmouth, GU 04214",Y,miles
390,Linda Obrien,859-99-7896,"283 Gregory Village
Heidihaven, NJ 14918",Y,hours
391,Matthew Alvarado,715-34-7094,"6968 Brooks Mission Suite 162
South Justin, AK 72116",Y,hours
392,Nicolas Robinson,160-56-3190,"43042 Jennifer Land
Port Cristinastad, SC 72367",Y,miles
393,Teresa Nunez,419-98-2276,"298 Pearson Unions Apt. 179
West Robertchester, ND 07598",N,hours
394,Dr. Paul Clements,425-59-9622,"Unit 4875 Box 7514
DPO AP 06764",Y,hours
395,Sean Joyce,211-64-1700,"00105 Holder Alley Apt. 064
West Charlesberg, GU 10104",N,hours
396,Joshua Coleman,689-72-4669,"672 Joshua Alley
Taylorland, KS 64804",Y,hours
397,Angela Davis,766-53-5481,"2640 Michele Tunnel
East Kayla, KY 22524",N,miles
398,Joseph Wells,818-94-1065,"1864 Gay Port
East Michaelville, PA 12454",Y,miles
399,Melissa Walker,111-79-6025,"USS Walker
FPO AP 60624",N,hours
400,Ivan Montoya Jr.,147-90-9882,"9838 Roberto Field Apt. 402
Garyborough, GA 98995",N,miles
401,Nathaniel Bryant,595-52-4997,"USCGC Clark
FPO AP 22933",Y,miles
402,Andrea Schaefer,532-70-4961,"Unit 8952 Box 0054
DPO AE 83714",Y,miles
403,Elizabeth Lutz,371-30-8506,"324 Kimberly Mountain Suite 878
Reesefurt, MT 65175",N,miles
404,Chad Gonzalez,346-62-3767,"909 William Ramp
New Kimberlychester, MT 40828",Y,hours
405,Lisa Smith,562-83-4331,"48671 Coleman Common Apt. 322
North Edwardchester, NV 94061",Y,hours
406,Nicholas Gray,281-14-1724,"4159 Bird Dam Suite 171
North Anthonyburgh, WI 81753",N,hours
407,Jacqueline Beck,144-48-0248,"45374 Rodgers Rue
Stantonside, CT 78465",N,miles
408,Mark Yang,012-01-4453,"507 Patrick Mountains
Lake Jenniferstad, MT 27180",Y,hours
409,Kimberly Savage,436-10-0583,"4535 Clark Course Apt. 274
North Brianside, WI 88725",N,hours
410,Carla Thompson,791-54-2623,"1966 Salazar Well Suite 774
East Matthew, NC 17312",Y,miles
411,Donna Boone MD,894-89-8881,"676 John Fort Suite 792
Angelicamouth, FM 34189",Y,hours
412,Chelsea Johnson,205-62-2624,"62838 Jackson Key Apt. 615
Michaelstad, MD 90600",Y,miles
413,Amanda Benson,050-91-7270,"12521 Amy Mountain
East William, KS 95215",N,miles
414,Catherine Bridges,355-88-5550,"22587 Welch Turnpike
Ravenmouth, SD 94770",Y,miles
415,Patricia Banks,875-60-6061,"87979 Smith Hills Apt. 260
South Melissabury, FM 06990",N,hours
416,Pamela Thompson,853-23-2969,"06077 Davis Isle Suite 033
Lake Tracy, NC 83644",N,miles
417,Ann Henderson,247-56-1255,"PSC 5444, Box 2795
APO AE 95913",Y,hours
418,William Taylor,040-68-5475,"7813 Beth Row
Lake Josephmouth, GU 21888",Y,miles
419,Robert Carrillo,082-13-7601,"96679 Flores Green
Julieberg, ND 57686",N,miles
420,Angela Hamilton,812-47-0487,"163 Odom Overpass
Carlville, PW 44268",N,miles
421,Margaret Singleton,499-43-9547,"3841 Brown Junction Suite 673
New Thomasville, WI 24981",Y,miles
422,Anthony Vargas,071-90-9118,"971 Baird Meadows Apt. 832
Reynoldstown, SC 05130",Y,miles
423,Danny Baldwin,568-96-5826,"4872 Ware Prairie Apt. 193
Harristown, IN 09544",N,hours
424,Wanda Chandler,617-58-5780,"03516 Robin Hollow
South Joseph, ME 99749",N,hours
425,Katherine Shelton,332-51-0638,"6154 Harvey Orchard Suite 960
Tylermouth, TN 99908",Y,hours
426,Joshua Warren,746-53-1703,"398 Taylor Bridge Apt. 080
West Stephanieland, UT 76162",Y,miles
427,William Gross,747-85-0496,"57812 Nichole Keys
Keithtown, MT 94008",Y,miles
428,Robert King,290-31-8168,"689 Cody Forges
Matthewton, NE 93828",N,hours
429,Craig Calderon,134-36-7117,"4771 Bryan Village Apt. 349
Mendozabury, NH 75947",Y,miles
430,Jennifer Garner,180-79-7231,"548 Hartman Cape
North Steveton, SC 08320",Y,hours
431,Deborah Torres,198-35-0172,"219 Kayla Key
West Lawrencechester, RI 03960",N,hours
432,Jamie Hall,767-73-9642,"822 Hill Manors
Reedfort, OH 20487",Y,hours
433,Kenneth Washington,219-25-0075,"7961 Richard Gateway Suite 766
Port Jade, PA 94121",Y,hours
434,Karen Clark,756-75-6228,"0824 Jones Hollow Apt. 099
Taylortown, PA 18862",Y,miles
435,William Woods,348-59-5492,"370 Oconnor Mill Apt. 830
Clarkborough, MD 10479",N,hours
436,Marcus Martinez,075-77-1022,"7635 Schneider Circles Suite 207
Lake Michael, NH 32616",Y,miles
437,Jennifer Brock,315-51-6457,"PSC 9215, Box 3013
APO AP 00746",Y,miles
438,Jennifer Lopez,495-39-0971,"0009 Smith Crossroad Apt. 588
New Ashleyfurt, DE 40511",N,miles
439,Michael Velasquez,200-19-8846,"Unit 9654 Box 2994
DPO AP 24201",N,miles
440,Mark Marshall,268-14-2782,"0542 Wright Burgs Suite 408
Gillespieland, ID 24334",N,miles
441,Robert Marquez,229-85-3082,"6952 Glenn Camp Suite 289
Josephbury, MP 39510",Y,miles
442,Robert Gordon,441-33-2750,"3451 Schmidt Burg Suite 792
Rodriguezfort, GU 18855",N,hours
443,Stephanie Black,127-39-4353,"94361 Gary Corner
Melissaland, AR 01343",N,miles
444,William Larson,592-85-4791,"80245 Brendan Manor Suite 690
Collinsmouth, NV 58814",Y,hours
445,David Coleman,861-42-8420,"009 Smith Tunnel
West Kimberly, MT 88929",Y,hours
446,Deborah Stanley,732-96-5901,"56315 Cooper Estates Suite 426
New Kaylaville, GA 02532",Y,hours
447,Jonathan Aguilar,578-10-0940,"26013 Perry Center Suite 670
Port Gloria, MP 65926",N,hours
448,Courtney Morales,578-09-2727,"677 Melissa Cove
Victorborough, NV 38890",Y,hours
449,John Ross,719-31-4496,"198 Schwartz Station
East Molly, AK 00580",N,miles
450,Allison Harvey,747-26-3496,"63381 Dana Causeway
Lynchmouth, RI 00630",Y,hours
451,Heidi Weiss,627-98-4998,"6434 Roach Locks Suite 669
West Phyllisville, NY 06659",N,miles
452,Charles Mccullough,237-72-0297,"59831 Amy Tunnel
Acostachester, HI 86314",Y,miles
453,Andrew Nichols,017-59-5758,"7809 Boyd Vista
Terryburgh, VI 98297",Y,hours
454,Cheryl Walker,747-11-2438,"942 Curry Crossing Suite 113
Lake Josephview, AZ 75932",Y,hours
455,Rhonda Jones,571-90-9307,"4305 Hanna Crescent
North Melanie, IL 53141",N,miles
456,Jeremy Gilbert,856-45-9873,"814 Rios Village
South Tara, FL 59492",Y,hours
457,Tamara Gilbert,869-45-0332,"USNS Watson
FPO AE 99567",N,miles
458,Gina Barry,369-56-2426,"7996 Murillo Plains Apt. 624
Leemouth, VT 43365",N,miles
459,Debra Peters,551-31-2997,"424 Joshua Spur Suite 765
Debraside, DE 96473",N,hours
460,Erin Lee,260-71-5805,"8058 Timothy Run
Smithtown, RI 82074",N,miles
461,Denise Glover,432-98-3812,"77896 Ware Harbor
Nicolechester, IN 76388",N,hours
462,Sarah Olson,677-29-5622,"696 Ramsey Village
Cathyfort, DE 21865",Y,miles
463,Andrea Henson,373-74-7469,"80983 Logan Ranch Apt. 345
South Johnside, MN 34461",Y,miles
464,Alan Johnson,896-70-4077,"257 Ramos Tunnel
Yoderchester, AR 03813",N,miles
465,Jason Cain,219-97-6440,"USCGC Smith
FPO AA 60663",Y,miles
466,Heather Clark,348-32-7885,"0409 Matthew Springs
Nicholsport, MS 56006",Y,miles
467,Suzanne Curtis,006-16-0631,"798 Stanley Trafficway
West Chadhaven, NV 44488",Y,miles
468,Christian Callahan,301-15-8742,"3232 Eric Knoll Apt. 430
North Brandonville, MP 14914",N,hours
469,Zachary Allen,220-75-6207,"39992 Brian Lakes Suite 560
South Derekberg, WI 79491",Y,miles
470,Kimberly Martin,378-51-4263,"Unit 5040 Box 2370
DPO AE 01043",N,miles
471,Amanda Murphy,304-21-6357,"5440 Sanchez Stream
East Tiffany, LA 13576",N,miles
472,Raymond Bartlett,341-27-1540,"637 Deborah Skyway
North David, AS 41386",N,hours
473,Justin Mccormick,101-41-2589,"2873 Samantha Cliffs
Joshuaport, IL 05214",Y,hours
474,Joshua Johnson,472-11-1797,"9973 Whitney Light
Port Alexis, MA 93985",Y,miles
475,Joseph Holmes,882-87-4593,"Unit 8720 Box 1922
DPO AA 57493",N,hours
476,Jared Stone,130-61-6032,"Unit 4114 Box 1905
DPO AP 88483",Y,miles
477,Chase Jordan,032-23-1895,"4074 Reese Branch
Lake Walter, MT 61215",N,hours
478,Kelly Andrews,051-39-1309,"Unit 2236 Box 6003
DPO AE 43780",Y,hours
479,Ashley Miller,149-99-6754,"3734 Wilson River
Rodriguezland, AZ 18258",Y,hours
480,Brittney Mcdonald,318-99-9662,"59929 Nunez Center Apt. 116
Josephchester, MO 18154",Y,miles
481,Joshua Thomas,604-72-6040,"639 Williams Plaza
South Larry, FM 57690",N,miles
482,Robin Munoz,762-38-2387,"056 Jamie Stream
Hollowaymouth, ND 87890",N,hours
483,Matthew Cervantes,264-29-2358,"6398 Burnett Centers
Martinport, FL 47233",N,miles
484,Tony Johnson,499-42-0964,"46985 Jason Forges Suite 699
Port Bradley, MO 59219",Y,hours
485,Tracy Nolan,107-40-0400,"20214 Jeremy Tunnel
West Jonathan, HI 73241",N,hours
486,Jason Chase,549-44-5918,"7554 Michael Hills
Christopherberg, WV 50934",N,hours
487,Erin Richardson,825-63-3464,"7734 Theresa Groves
Josephbury, SC 71674",N,hours
488,Clayton Gamble,184-05-9742,"4385 Jones Oval Apt. 286
Littlechester, WA 71787",Y,hours
489,Meghan Valenzuela,278-65-2465,"2393 Diana Cape Suite 934
East Walter, MD 40835",N,hours
490,Heidi Watts,194-99-5937,"142 Michael Turnpike Apt. 258
Caitlynland, AS 66765",N,miles
491,Jennifer Thomas,441-43-5710,"USNS Patrick
FPO AP 53202",N,miles
492,Alexandra Harris,826-55-1712,"9646 Christopher Dam Suite 330
New Frankchester, AK 17122",Y,hours
493,Andrew Pierce,554-93-2157,"144 Harris Extension Apt. 677
West Brandonburgh, RI 83133",N,hours
494,Mindy Jones,444-64-2791,"Unit 8031 Box 9541
DPO AP 16002",N,hours
495,David Turner,051-59-2668,"PSC 4339, Box 4660
APO AP 03766",N,hours
496,James Andrade,796-37-5919,"4017 Shawn Green
Vasquezmouth, MP 17922",N,miles
497,Kimberly Butler,280-21-5411,"568 Lambert Villages Apt. 245
Scottburgh, NH 30725",Y,hours
498,Michael Santiago,870-62-0267,"56976 Ward Inlet Apt. 877
New David, MA 94014",Y,hours
499,Rodney Moss,872-87-0375,"3030 Holmes Lodge Apt. 900
Patrickport, PR 06405",Y,miles
500,Laura Roach,331-39-2236,"3305 Davis Spring
New Tara, NV 25999",N,miles
501,Madison Franco,373-90-7928,"2380 Horne Springs
Lake Alanview, DC 75442",N,miles
502,Emily Conley,699-36-5261,"08924 Karen Locks Apt. 205
West Jessicashire, KS 67330",N,hours
503,Manuel Cooper,628-70-2711,"611 Hebert Skyway Apt. 303
Froststad, KS 88182",N,miles
504,Haley Lawson,644-93-2159,"46111 Fletcher Gateway Apt. 538
Amandatown, FL 12961",Y,miles
505,Dr. Devin Morgan,771-02-0030,"5656 Brandon Lodge Suite 932
Tammyborough, VI 69639",Y,miles
506,Jeanette Barton,750-21-2336,"13081 James Knoll
Lake Dylan, MH 01629",N,hours
507,Mrs. Wendy Thomas MD,062-46-3303,"Unit 0481 Box 2409
DPO AE 07569",Y,hours
508,Jennifer Gordon,032-95-3695,"674 Wayne Union
Port Mollymouth, MS 71542",N,hours
509,Jennifer Perez,449-36-0167,"5626 Martinez Road
Colleenmouth, GU 32300",Y,miles
510,Nicole Watson,398-51-1352,"9847 Tommy Pines
East Ernest, ME 79613",N,miles
511,Luis Williams,161-83-3704,"97834 Joseph Mountains Suite 228
Port Danielberg, SC 17008",N,miles
512,Joel Roberts,451-21-3307,"4636 Emily Highway Suite 620
Hallfurt, MP 09857",N,miles
513,Rachael Bailey,478-60-9434,"2789 Connie Isle
Reginamouth, RI 82999",Y,miles
514,Amanda Robinson,031-24-3679,"065 Hawkins Fork Suite 328
East Andreaview, SD 51257",N,miles
515,Charles Haynes,138-80-1280,"PSC 1103, Box 9676
APO AP 85105",N,miles
516,Michael Tucker,321-51-8950,"741 Tiffany Underpass Apt. 611
West Sarah, GU 08584",Y,hours
517,Andre Nelson,177-17-4442,"79093 Blackburn Alley Apt. 871
Robertshire, TN 10658",N,miles
518,Ryan Hawkins,808-98-7876,"30622 Medina Union
Jacobsonview, MH 16821",Y,miles
519,Ashley Cox,305-31-6161,"Unit 4209 Box 9293
DPO AP 43323",Y,miles
520,Patricia Cummings,037-17-4447,"546 Wong Forks Suite 507
West Donald, AZ 92218",N,miles
521,Kelly Jones,860-93-3392,"37308 Johnson Neck Apt. 977
Tracychester, SC 25799",Y,miles
522,Jill Young,067-27-1033,"9451 Eric Path
Amyton, MA 17011",N,hours
523,Anthony Fisher,387-84-7198,"20645 Christopher Ferry
Coreyside, MN 03046",Y,miles
524,Jillian Sanders,169-44-0734,"655 Ivan Lane Apt. 424
South Victoriabury, IN 22622",N,hours
525,Charles Jensen,169-48-0699,"4816 Melissa Village Suite 452
South Whitneyhaven, LA 03452",Y,miles
526,Tristan Rollins,034-48-0260,"043 Martin Path
Lake Frederick, DE 48003",N,miles
527,Angela Silva,588-06-6298,"6438 Griffin Knolls Suite 307
Jasonstad, AR 18954",N,miles
528,Nancy Orr,386-25-6149,"929 Tammy Ford
West Kyleland, TN 72763",Y,miles
529,Leah Gaines,564-03-7534,"2023 Sara Glens Suite 543
East Crystal, NJ 57939",Y,hours
530,Anne Pierce,812-81-5969,"6165 Parker Light
East Joy, AR 81312",N,miles
531,Anna Zimmerman DVM,753-53-2443,"109 Tiffany Road Suite 852
North Brianberg, FM 71741",Y,hours
532,John Stout,669-18-2330,"973 Bryan Keys
South Janice, OH 38269",N,miles
533,Veronica Jackson,220-24-4445,"79364 Thomas Brook
North Jeremy, NE 17254",N,hours
534,Courtney Beck,352-25-5504,"5219 Kyle Turnpike
East Brandy, MP 60739",N,hours
535,Javier Mullins,784-08-4122,"8129 Sullivan Meadows
Johnsonburgh, IN 57947",Y,hours
536,Kayla Smith,380-70-3255,"5210 Lang Estate
Joseton, IL 62978",N,hours
537,Douglas Abbott,051-61-3405,"0824 Faith Mews
South Markfurt, VT 16156",N,hours
538,Christine Navarro,277-89-9645,"29969 Scott Prairie
Amandaberg, IL 10926",N,hours
539,Joel Singh,589-77-7318,"PSC 5530, Box 6848
APO AP 24933",N,miles
540,Elizabeth Riley,407-74-4349,"57865 Michael Rue
West Diane, AZ 14157",N,hours
541,Mario Rodriguez,243-56-9133,"92619 Henry Crest Apt. 967
Saundersville, SD 89091",N,miles
542,Thomas Schroeder,346-18-2439,"36964 Cindy Groves Apt. 922
Ballport, NY 42970",Y,hours
543,John Newman,249-34-8649,"46783 Samantha Island
West Gregoryville, MD 04362",N,hours
544,Angela Harper,559-64-3237,"647 Thomas Crest Suite 555
North Tara, MA 61506",N,miles
545,Jonathan Gray,162-17-2788,"444 David Wall
North Andrewstad, CT 63772",Y,miles
546,Kimberly Mann,151-18-8799,"913 Moss Station
Johnton, NY 94107",Y,miles
547,Charles Anderson,131-38-7966,"7254 Wright Tunnel Suite 351
Mariaburgh, WA 44044",N,hours
548,Ronald Day,580-85-7497,"04498 Amber Road Suite 474
East Monica, ME 86116",Y,miles
549,Michael Stephenson,196-29-5941,"08418 Sweeney Hollow
New Williefurt, KY 41153",N,miles
550,Michael Garrett,026-21-8743,"927 Martin Parkways Suite 050
Port Travismouth, CO 01517",N,hours
551,Amber Osborn,330-49-5892,"2964 Anderson Gardens Suite 607
New Ericberg, WY 18085",Y,miles
552,Carolyn Davis,544-40-2848,"8817 Garcia Square Suite 122
East Lisaberg, WY 80742",N,hours
553,Stacey Jones,743-17-1409,"66788 James Centers Apt. 384
Davilahaven, VT 71132",N,miles
554,Kristy Woods,060-23-7315,"28320 Thompson Manors
Guzmanfort, WA 39415",N,hours
555,Maria Fernandez,646-47-6160,"6981 Barry Lock
Port Katiebury, SD 11084",Y,miles
556,Carlos Watson,301-71-4816,"02561 Ramirez Summit
Port Jenniferfort, FL 57959",N,hours
557,Holly Harper,188-03-3468,"423 Phelps Creek Apt. 246
Benjaminchester, WA 38580",N,hours
558,Rebecca Deleon,608-81-6315,"PSC 4300, Box 6279
APO AE 14433",Y,hours
559,Joseph Cochran,262-64-3641,"6310 Little Groves
New Chelsea, KY 75491",N,hours
560,Michael Hawkins,515-12-1027,"516 Ellis Rest Suite 188
Marshview, OH 84062",N,miles
561,James Hughes,142-75-0917,"937 Erin Squares Apt. 057
New Jeremyfurt, PA 10363",Y,hours
562,Andrew Phillips,257-20-9982,"007 Sandra Shores Apt. 461
Laurenview, AK 11917",N,miles
563,Janet Perez,856-39-0220,"3433 Charles Ways
South Brenda, DC 20090",N,hours
564,Andrew Park,804-64-0747,"109 Taylor Terrace
Stevenberg, WV 28020",Y,miles
565,Heather Brooks,882-71-6422,"3109 Edwards Squares Apt. 177
Lake Emilyton, ME 45197",N,miles
566,Lisa Wilson,602-96-8095,"USCGC Perry
FPO AP 99579",Y,miles
567,Mark Hart,370-91-2707,"193 Anderson Mountain
Graceside, KY 97167",N,hours
568,Mark Bender,658-84-1435,"6707 Adrian Divide
Lake Christopher, MT 64627",Y,miles
569,Stephanie Chase,444-27-9251,"0692 Williams Tunnel
Gibsonstad, MS 19724",N,miles
570,Jason Bowen,645-36-9588,"44736 Elizabeth Junctions Suite 754
North Courtney, WY 69131",N,hours
571,Elizabeth Sullivan,155-47-8749,"46272 Gallegos Port
Marquezside, GA 50589",N,hours
572,Michele Ramirez,113-87-5333,"57964 Orozco Drive
Woodsborough, WY 94325",N,hours
573,Louis Burns,425-16-6162,"069 Mckenzie Hills
New Lauren, VT 97020",N,hours
574,Charles Buckley,026-79-5061,"PSC 1426, Box 8604
APO AA 27063",Y,miles
575,Anthony Bullock,350-90-1555,"36768 Thompson Fords
Davisfurt, VT 31198",N,miles
576,Ashley Fox,179-86-7533,"8107 Walsh Summit Apt. 131
Kimberlyside, MI 80233",N,miles
577,Katrina Davis,564-93-3275,"78723 Bryant Terrace
Youngton, MI 23974",N,miles
578,Justin Torres,435-72-2206,"67865 Carter Hill Suite 632
Wellsmouth, WY 24810",N,miles
579,Steven Watts,276-21-2976,"98560 Ruiz Glens
Woodview, WI 93369",Y,hours
580,Sara Hernandez,305-87-8289,"216 Kevin Ford Apt. 263
West Stephanieburgh, VA 35348",Y,miles
581,Jennifer Lee,620-46-7932,"1515 Nicholas Plaza
Parsonsmouth, UT 56275",N,hours
582,Jason Valdez,135-31-1416,"471 Thompson Bypass Suite 251
South Kenneth, PR 01395",Y,miles
583,David Robinson,324-96-7569,"5709 Kathleen Row
South Gregory, SD 59721",N,miles
584,Michelle Scott,638-05-1662,"80595 Jesse Mills
Liuview, VA 00695",Y,hours
585,Michael Herrera,313-54-0643,"06906 Hannah Path Apt. 327
Butlerland, KY 47476",Y,hours
586,Michael Hughes,398-04-3894,"523 Jennings Mountains
South Amanda, SD 01927",N,miles
587,Todd West,807-07-3354,"45131 Sean Ports Apt. 426
Port Ryan, AK 14009",Y,miles
588,Michael Roach,369-44-3907,"USS Hernandez
FPO AP 67350",Y,hours
589,Christy Garcia,386-59-0781,"5000 Michael Squares Apt. 482
Karenberg, MT 23741",N,miles
590,Lisa Velez,062-76-4635,"250 Guerrero Stravenue
South Laura, MO 62676",N,hours
591,Aaron Moore,753-29-1011,"6933 Debbie Points Suite 236
South Jamesborough, NY 50814",N,miles
592,Lisa Wilson,625-61-7211,"1114 Myers Forks
Port Destiny, TN 55182",N,hours
593,Melissa Lowe,508-88-9984,"666 Fuentes Manors
West Carmen, OR 71823",Y,miles
594,Marc Reed,346-26-1169,"841 Rodriguez Loaf
Davidfort, IN 78643",Y,hours
595,Heidi Reese,388-23-5355,"314 Sanchez Canyon
West Samanthafurt, ID 10359",N,miles
596,Kelly Owens,550-12-5737,"015 Sara Hills
Johnsonmouth, ME 64577",N,miles
597,Kelly Brown,447-35-0409,"3036 Tonya Orchard Suite 791
Amyborough, NV 24629",Y,miles
598,Penny Allen,210-68-4881,"7530 Curtis Prairie Apt. 912
Rebeccaview, CO 47982",Y,miles
599,Richard Castaneda,731-66-3707,"3992 Oliver Locks
Flowersview, GA 47610",N,hours
600,Laurie Klein,512-35-6750,"338 Rowe Bypass
Mooreland, VT 80536",Y,hours
601,Carolyn Martin,505-81-2942,"96378 Leah Junction
East Brendamouth, MD 06370",N,hours
602,Joshua Jensen,425-29-1946,"280 Kennedy Mission Suite 041
Smithborough, MO 76076",Y,hours
603,Lisa Zuniga,028-86-0308,"528 Julie Route
East Stevenbury, ND 93175",Y,hours
604,Susan Morris,110-35-0451,"448 Stephen Orchard Apt. 081
Lake Sarah, AZ 67214",Y,hours
605,Jessica Payne,280-08-0443,"5586 Conner Underpass
Toddport, AR 96353",N,miles
606,Valerie Lester,629-66-3573,"28839 Joseph Brook
East Phillipside, NJ 21492",Y,miles
607,Cassandra Gray,038-24-5765,"9476 Rivera Loaf
New Karla, MS 06714",N,miles
608,Leslie Thompson,073-86-2117,"010 Lee Center
East Danaton, MI 15290",Y,miles
609,Harold Ellis,700-44-2705,"88763 Simpson Course Apt. 639
Stewartport, KS 58747",N,hours
610,Matthew Wallace,378-54-7267,"71633 Beth Extension Apt. 717
Lake Jacqueline, IL 44088",Y,hours
611,Ashley Gilbert,717-37-1104,"1937 Rivera Bridge Apt. 597
Rodriguezfort, MP 14301",N,hours
612,Jonathan Flores,791-78-9579,"0970 Richard Walks Apt. 880
East Joyce, MO 78113",Y,hours
613,Barbara Carr,813-02-1688,"709 Taylor Drive
Andreamouth, NE 29220",N,hours
614,Timothy Kerr,537-84-2843,"7353 Jamie Keys
Ninafurt, PA 07809",Y,hours
615,Sarah Williams,863-58-8289,"055 Carly Branch
New Ashleyview, WI 47097",Y,hours
616,Linda Adams,384-47-7245,"079 Robert Crossing
Seanshire, AS 92430",Y,hours
617,Ruth Bauer,784-01-7776,"942 Miller Ramp
Stevenstad, VI 40836",Y,hours
618,Teresa Case,035-42-6236,"902 Marcia Roads
New Lindseyfort, SD 48697",N,miles
619,Linda Dickson,374-09-4728,"65364 Julia Hill Apt. 007
Fernandezview, NC 50931",Y,miles
620,Rodney Baxter,656-72-1537,"993 Beth Junction Suite 371
West Christineberg, DE 88368",Y,hours
621,Robert Charles,519-86-7451,"01751 William Green Apt. 577
South Brianmouth, KS 28048",Y,miles
622,Theresa Edwards,313-48-6537,"91109 Jimmy Forge
New Cory, PW 81174",N,hours
623,Samuel Mendoza,892-45-0379,"USNS King
FPO AP 86474",Y,miles
624,Richard Navarro,411-78-9644,"7150 Cynthia Drive Apt. 503
Jackbury, ME 81987",N,hours
625,Bryan Russell DVM,352-06-1762,"26846 Beck Island
Grantburgh, DC 38090",N,hours
626,Nicholas Reed,111-62-5664,"46060 Brian Motorway Apt. 213
Matthewstad, NV 08028",N,hours
627,Carrie Walsh,390-07-3791,"793 Melissa Views
Smithtown, FM 40918",N,hours
628,Alexis Flynn,735-95-3675,"30822 Brown Prairie Apt. 465
Bookermouth, NV 75777",N,hours
629,Elizabeth Strickland,704-86-2342,"665 Anderson Union
Pierceside, TN 33453",Y,miles
630,Reginald Montgomery,773-30-9549,"548 Schwartz Rue Suite 894
Lake Michael, OK 86219",Y,miles
631,Alexander Maxwell,230-95-3890,"5494 Keith Track Suite 786
Susanport, OR 59578",N,hours
632,Megan Beck,370-65-6379,"36633 Campbell Mission
New Rhonda, OK 67204",N,miles
633,Michelle Smith,422-65-5653,"PSC 1456, Box 6125
APO AP 62741",N,miles
634,Frank Mayer,220-41-8771,"590 Daniel Heights Apt. 786
West Matthewtown, NV 57695",Y,hours
635,Courtney Moore,543-30-5088,"PSC 4256, Box 2382
APO AA 52784",Y,hours
636,Terri Smith,740-06-3447,"546 Camacho Pike
Port Timothy, WV 49596",N,hours
637,Ian Bruce,892-01-4892,"4558 Franklin Highway Suite 951
North Johnville, NV 61751",N,miles
638,Elijah Harvey,803-01-1965,"18304 Hardin Shoal Suite 504
Timothyland, AL 54174",N,hours
639,Ashley Lewis,730-81-4588,"1952 Perry Mountains Suite 333
Stephenberg, OH 33825",N,miles
640,Michael Cunningham,120-21-0157,"USNV Martinez
FPO AA 79619",N,hours
641,Monique Spears,002-54-3375,"96822 Cortez Way
Matthewshire, WI 03626",Y,hours
642,Amber Sanchez,151-37-2348,"52870 Mary Isle Apt. 835
New Meredithbury, OK 52790",N,miles
643,Brett Garcia,731-41-7597,"3685 Michael Tunnel
North Clarenceside, KS 85656",Y,miles
644,Whitney Garcia,775-26-9979,"7580 Robert Ramp Apt. 382
West Amy, WA 22700",Y,hours
645,Alexis Washington,353-10-4102,"57772 Daniel Plaza
Jonesshire, AR 20288",N,miles
646,Brandon Burgess,362-16-9655,"Unit 6567 Box 2145
DPO AA 99567",Y,miles
647,Amanda Beck,079-37-8951,"4245 Greg Dale
Garnerland, GA 42500",Y,miles
648,Cory Combs,265-93-8940,"PSC 6958, Box 6264
APO AA 36005",N,miles
649,Roberto Anderson,284-27-6747,"769 Brent Light
Lake Christinashire, CT 77413",N,hours
650,John Grimes,092-69-3616,"907 Diane Courts
Port Theresaburgh, MN 16146",Y,hours
651,Ruth Moore,878-65-7391,"498 Lowe Corners Suite 399
West Nicole, FL 35142",N,miles
652,Matthew Anderson,165-18-8138,"1494 Evans Points Suite 290
Port Kristinaport, GU 60025",N,miles
653,Brent Shah,716-80-3705,"09918 Julie Streets Apt. 814
Port Brendaton, VA 47823",Y,hours
654,William Olson,734-55-3290,"95939 Adam Drive
West Jamieton, NE 47566",N,miles
655,Lisa Blevins,415-41-0825,"86644 Andrew Lodge
East Michelleshire, GA 19521",Y,hours
656,Tyler Daniel,236-81-0572,"99118 James Way Apt. 375
East Christineton, WI 45023",N,miles
657,Cindy Reid,314-32-4641,"USNS Reyes
FPO AA 89025",Y,miles
658,Kevin Ramos,712-81-9281,"9930 Stacy Parkway Suite 891
West Lauren, AK 85544",Y,miles
659,Donald Navarro,327-23-2670,"87629 Ramirez Drives Suite 529
Jonathanbury, NY 88105",Y,hours
660,Dawn Rice,261-83-6850,"834 Orr Gateway
Joseview, WI 55833",Y,miles
661,Mike Perkins,829-64-2442,"PSC 1887, Box 0517
APO AP 91293",N,miles
662,Brenda Perez,729-92-4076,"748 Fuller Isle Suite 943
Tinastad, IA 67222",Y,hours
663,Heidi Baldwin,700-39-3522,"412 Donald Pass
North Mariaborough, WI 56639",Y,hours
664,Christopher Wagner,768-59-8577,"604 Dominguez Skyway Apt. 207
West Pamela, DC 22668",Y,miles
665,Ronald Green,210-04-3892,"492 Williams Keys Suite 062
Lake Suzanneview, CO 11806",Y,hours
666,Jessica Henderson,209-47-6726,"92016 Aguirre Plains
Wuborough, CT 16365",N,miles
667,Ivan Parker,221-44-4290,"21760 Aaron Plaza
New David, TX 09716",Y,miles
668,Crystal Adams,350-40-8572,"16669 Daniel Turnpike
Princefort, OR 52723",Y,miles
669,Kimberly Rivera,505-57-5229,"41336 Sonya Passage Suite 038
Freemanfort, ND 22182",Y,miles
670,Dawn Lee,436-96-1671,"974 Vang Mall
Johnshire, PW 13560",Y,hours
671,Hailey Hays,250-25-3656,"USNV Brown
FPO AA 12881",Y,hours
672,Erin Perez,033-78-1024,"220 Daniel Via
New Jennaborough, UT 45076",N,miles
673,Amanda Salinas,138-44-9383,"USNS Hunt
FPO AA 96599",Y,hours
674,Trevor Anderson,119-53-8987,"5424 Wilson Spurs Apt. 048
South Samuelton, FL 99384",N,miles
675,John Calhoun,066-73-6894,"793 Barnes Run Apt. 778
Kelseytown, RI 38627",N,hours
676,Christine Smith,819-78-1798,"30334 Hudson Expressway Suite 642
West Stacey, IL 07002",N,hours
677,Laura Carter,631-39-2856,"871 Blanchard Junctions Apt. 587
West Courtneymouth, MA 13488",Y,hours
678,Calvin Patel,082-04-2893,"01983 Morrison Rue
Mahoneymouth, SC 50897",Y,hours
679,Leonard Sutton,701-94-9521,"2985 Cory Fork Apt. 554
Joshuaview, NH 92819",Y,hours
680,Kara Vazquez,034-45-6613,"39206 Crosby Mission
Markport, NY 94355",N,hours
681,Julie Thomas,244-46-0955,"715 Karen Prairie Suite 354
East Dawnfort, SD 14409",Y,miles
682,Susan Coleman,058-74-5509,"2568 Anderson Junctions
South Brandon, ID 02208",N,hours
683,Colleen Campbell,440-58-8491,"702 Sandra Crescent
Lake Christopher, WY 48976",N,miles
684,Casey Patterson,720-50-5583,"22040 Johnson Orchard Apt. 255
Collinsfurt, MD 42573",N,miles
685,Michelle Giles,635-90-4310,"5489 Jennifer Parkway Suite 498
North Kara, AR 40715",Y,hours
686,James Reynolds,318-82-2201,"21680 Jennifer Keys Apt. 372
Hernandeztown, NM 85779",N,hours
687,Denise Sanchez,496-09-2359,"57000 Carter Skyway
Port William, NJ 39115",Y,hours
688,Ryan Stokes,639-70-0395,"9800 Lauren Parks
Nicoleville, MT 42415",Y,hours
689,Kelly Pittman,016-66-8885,"815 Townsend Inlet Apt. 362
Lake Melissafort, MA 52001",Y,hours
690,Deborah Walter,298-45-4485,"7004 Carpenter Springs Suite 144
West Lauriehaven, MN 42198",N,hours
691,Michael Heath,118-81-8268,"481 Reginald Road Apt. 320
Stonehaven, DE 89496",Y,miles
692,Kevin Torres,191-80-4869,"99028 Andrews Route Apt. 582
Port Carlosport, MN 55722",Y,hours
693,Rebecca Brown,879-06-7261,"Unit 3861 Box 8455
DPO AA 65993",Y,hours
694,Wayne Christensen,068-72-2025,"Unit 5326 Box 1458
DPO AP 40342",N,hours
695,Jerry Campbell,360-87-0966,"693 Linda Lock Suite 124
North Justin, MP 28336",N,miles
696,David Anderson,655-76-2017,"740 Pittman Pines Apt. 147
Owensside, KY 08977",Y,miles
697,Calvin Walker,472-53-7534,"2306 Rich Via Suite 705
Millershire, GU 89053",Y,miles
698,Daniel Fox,199-67-6639,"9632 Phillips Pass
Mendezfort, MT 31711",N,miles
699,Christopher Stevens,179-74-0889,"669 Maurice Divide Suite 210
Rogersview, IN 97368",N,miles
700,Keith Galvan,299-10-0568,"39773 Brandy Camp
South Stephen, FM 98754",N,hours
701,Joshua Patterson,681-03-1609,"17043 Bryan Inlet Suite 655
Danielleshire, KS 39885",N,miles
702,Douglas Petersen,804-29-8384,"00188 Munoz Coves Apt. 649
New Maryborough, MI 01518",Y,miles
703,Melissa Finley,110-58-4837,"74902 Samantha Wells Apt. 448
Lake Matthew, TN 65402",N,miles
704,Heather Garcia,244-36-3162,"881 Jeffrey Canyon
Carrollfort, CT 99556",N,miles
705,Martin Williams,874-34-5947,"USCGC Fletcher
FPO AP 68164",N,hours
706,Dawn Russell,607-93-4466,"USNS Jones
FPO AE 18361",N,hours
707,Jessica Bell,211-54-4230,"74444 Mcdonald Stream Suite 875
North Robertport, TN 34148",N,miles
708,Sherry Koch,502-58-7151,"412 Jessica Green Apt. 292
Heatherland, SD 30058",N,miles
709,Chad Cole,525-85-4890,"8006 Tran Rapid Apt. 858
North Johnside, IN 92831",N,hours
710,Daniel Rivera,597-54-5652,"0907 Rogers Corner Suite 891
New Carrie, MP 20678",N,hours
711,Rebecca Nguyen,733-73-0600,"3941 Keller Club
East Richard, NV 24640",Y,miles
712,Madison Sanders,090-52-1468,"USS Lewis
FPO AE 87967",Y,miles
713,Michael Carpenter,757-13-0197,"09317 Rice Loop
Port Brenda, LA 69195",N,hours
714,Amber Kemp,342-12-4216,"1755 Kelly Junctions
Bradleyhaven, VT 30749",N,miles
715,Tony Jimenez,155-98-9244,"301 Daniel Branch Apt. 360
Denisefort, UT 81574",N,miles
716,John Butler,588-07-1392,"66335 Jerry Station Apt. 299
Oconnellville, IA 06936",Y,hours
717,Amy Foster,082-38-9801,"581 Tiffany Skyway
South Anneberg, PA 18665",N,miles
718,Omar Mcdowell,117-71-6697,"23648 Zachary Roads
East Christopher, AZ 31060",N,miles
719,Jesus Gillespie,372-15-2858,"7807 Frederick Bypass
South Daniel, CA 88496",Y,miles
720,Robert Cross,813-66-4137,"527 Williams Field
North Calvin, WI 06517",Y,hours
721,Joann Reyes,110-55-9789,"USS Edwards
FPO AE 05306",Y,hours
722,Keith Jackson,464-81-6951,"125 Steven Spurs
Jonathanfurt, GA 15251",N,hours
723,Barry Gordon,005-95-5393,"52237 Wood Pike Suite 584
New Carolyn, KY 07830",N,miles
724,Christopher Choi,215-67-6654,"9558 Walker Plaza Apt. 574
East Michaelfurt, AK 45249",Y,miles
725,Jennifer Whitehead,817-27-0432,"4145 Samantha Center Apt. 496
Port Laura, IL 57898",Y,hours
726,Jay Morgan,076-65-1644,"8939 Brown Inlet Apt. 099
New Ronaldborough, WV 20005",Y,hours
727,Tony Grant,266-33-2972,"0509 Carter Course Apt. 545
Mckenzietown, NJ 92280",N,miles
728,Kevin Young,581-09-9994,"29803 Sarah Squares
Montgomeryview, CA 08989",Y,miles
729,Debra Rowe,867-47-6477,"806 Mary Union
West Sharon, FL 05986",N,hours
730,Lisa Barr,029-02-4529,"6100 Heather Turnpike
Nicholasmouth, NM 58447",N,hours
731,Patricia Hoffman,215-75-6618,"307 Lauren Summit Suite 825
New Holly, KS 15040",N,miles
732,Parker Hanson,214-11-8531,"1130 Kevin Extension Suite 772
Lawrencemouth, DE 76189",N,miles
733,Virginia Taylor,649-77-4116,"84396 Timothy Crossing Suite 060
New Rachelside, ID 68962",Y,hours
734,Sierra Johnson,526-67-1809,"78015 Jessica Lights Apt. 766
Howelltown, MI 15707",N,miles
735,David Williams,260-18-0402,"4775 Jason Pass Apt. 150
North Dennisberg, ID 51898",N,miles
736,Christopher Turner,769-94-3134,"427 Smith Street Suite 321
East Joshuahaven, RI 66976",Y,miles
737,Gregg Daugherty,737-19-4175,"USS Berg
FPO AE 07177",Y,miles
738,Benjamin Kelley,332-84-9980,"52329 Fritz Isle Suite 911
Port Jenniferberg, AZ 18773",Y,miles
739,Christopher Brown,678-60-5646,"PSC 1605, Box 2586
APO AP 27927",N,hours
740,Kevin Thomas,044-15-7901,"60509 Toni Viaduct Suite 067
Lake Anne, KS 43860",Y,miles
741,Benjamin Sanford,712-63-9359,"92406 Charles Manors Suite 172
Madelinetown, FL 02625",Y,hours
742,Grace Gutierrez,204-25-6002,"075 Andrew Burgs
New Steven, NV 69744",Y,miles
743,Catherine Petersen,887-79-0798,"332 Jones Spur Apt. 404
Bradfordport, MT 05192",N,hours
744,Laura Smith,602-99-1450,"USNV Kramer
FPO AE 99746",Y,miles
745,Daniel Bailey,163-96-8050,"832 Brooks Manors Suite 801
Fordshire, ID 07876",N,hours
746,Tracy Vargas,860-41-7352,"40970 Winters Isle Apt. 310
Kennedyfurt, ME 13953",Y,hours
747,Dawn Miller,556-64-8883,"816 Long Views
Lake Stephenmouth, GU 95044",Y,hours
748,Jose Garcia,411-91-8249,"5996 Ricky Ways Apt. 038
Tamaraton, TN 34041",N,hours
749,Rebecca Ferguson,453-82-7553,"13173 Fischer Mews
Deckershire, MN 88700",Y,hours
750,Randall Bonilla,309-64-7461,"USCGC Hoffman
FPO AA 28648",Y,miles
751,Jennifer Wilcox,515-53-6040,"PSC 9054, Box 4193
APO AE 69404",N,hours
752,Sarah Ramos,377-37-7165,"55054 Wagner Ramp
North Jose, NC 20606",N,hours
753,Tyler Ramos,502-98-6692,"14367 Justin Unions Suite 793
West Scottfort, CA 01759",N,miles
754,Dustin Weaver,578-62-9338,"Unit 5708 Box 8944
DPO AP 21885",N,hours
755,Jennifer Taylor,483-54-0975,"2831 Lee Coves
Rollinsland, KY 58484",N,hours
756,David Potter,244-70-1707,"38548 Dustin Square
South Laura, NV 76492",Y,miles
757,Katherine Scott,561-77-2759,"672 Victoria Turnpike
Beltranborough, RI 16761",N,miles
758,Dr. Carol Lewis,357-48-5916,"951 Sheena Stravenue Suite 638
Port Jason, MT 17505",N,miles
759,Emma Blankenship,671-54-2293,"0789 Paul Forks Apt. 192
Mcdonaldfort, SC 91674",N,hours
760,Thomas Garcia,357-71-7357,"3195 Kendra Way Apt. 450
Daviesside, PW 45423",N,hours
761,Eric Acosta,362-21-8090,"17582 Adams Shoals
South Timothytown, OH 33638",N,miles
762,Victoria Riley,576-47-4441,"1523 Audrey Points
Dominguezfort, NC 27460",N,hours
763,Julian Gomez,304-10-5252,"19500 Gardner Point
New Daniel, MO 76547",Y,hours
764,Bonnie Oconnor,021-69-6219,"91549 Francisco Meadow
Marybury, GU 72846",Y,hours
765,Jack Page,016-84-5369,"11212 Alexander Ferry
East Stephen, NE 23406",N,hours
766,Samantha Malone,183-70-7470,"157 Bruce Row
Michaelborough, GU 15304",N,miles
767,Tiffany Rivera,633-19-9582,"75055 Jodi Row Apt. 507
Jennifertown, CO 56780",Y,hours
768,Frank Bartlett,021-71-3683,"60891 Jeanette Track Apt. 122
South Catherinestad, LA 72760",Y,hours
769,Eric Mcdonald,179-73-1310,"PSC 6740, Box 3009
APO AA 35926",N,miles
770,Jeffery Floyd,209-58-7541,"13643 John Land Suite 948
Catherinetown, MT 89571",N,hours
771,Renee Nunez,321-38-1164,"756 Maxwell Common
Jasonhaven, DC 69132",N,miles
772,Thomas Williams,580-60-9861,"26141 Mays Pike
West Dianeshire, ND 68211",Y,hours
773,Kristina Mathis,509-06-0021,"5782 Cynthia Fields Suite 491
East Robinfort, RI 75428",N,miles
774,Judith Olson,495-49-1183,"965 David Loaf
Lake Marcusburgh, AL 69867",Y,hours
775,Bobby Krueger,616-71-1674,"530 Jones Walks
South Matthewview, NH 36982",N,miles
776,Kimberly Mann,684-88-7529,"7066 Hall Plaza Suite 995
Randyhaven, MI 20989",Y,hours
777,Kimberly Johnson,388-92-5898,"8270 Austin Trafficway
North Erin, IA 62795",N,miles
778,Stephanie Waters,833-13-9298,"11723 Chambers Knolls
Lake Tiffany, GU 40244",Y,hours
779,Chris Frazier,576-90-9311,"7932 Harrison Gateway Apt. 052
Smithberg, DC 84253",Y,miles
780,Christine Wilkins,488-15-1003,"629 Sherman Locks Suite 550
Timothyview, DC 69728",N,miles
781,Roger Larson,101-58-5951,"5825 Rita Row Apt. 485
Wilkinstown, MP 60759",N,hours
782,Pamela Owen,525-71-2284,"93368 Tyler Ferry Suite 247
Lunamouth, SC 36821",N,miles
783,Melanie Carroll,587-76-7170,"15345 Young Summit Suite 745
New Julieburgh, VI 64951",N,miles
784,Cassandra Morris,404-13-2335,"40525 Arnold Valleys
Rayberg, MD 61868",Y,miles
785,Wendy Simpson,276-31-7578,"4077 Ryan Crescent Suite 817
Kelseymouth, ND 44850",N,miles
786,Valerie Figueroa,247-80-9681,"82619 Cabrera Stream Suite 786
Garrettshire, IN 20908",N,miles
787,Alexis Phillips,058-17-2280,"00372 Beck Expressway
Juliestad, VA 86703",Y,hours
788,Richard Miller,855-81-1579,"287 Jamie Island
Hendricksshire, OR 01670",Y,miles
789,Joseph Reyes,707-47-8048,"11004 Foster Locks Suite 990
Hernandezland, AR 62978",Y,hours
790,Barbara Sanders,586-20-8631,"81393 Johnson Pines
Garciabury, AS 03808",N,miles
791,Lindsey Sheppard,152-17-2305,"9347 Crosby Union
Stevenmouth, WA 43232",N,miles
792,Jared Mercer II,656-34-7005,"5105 Robert Mill Apt. 353
New Susanstad, VT 68663",Y,miles
793,Jacob Smith,438-85-8716,"USS Spencer
FPO AA 31745",Y,hours
794,William Ingram,407-21-5807,"334 Meyer Lake Suite 125
Daytown, ME 82979",N,miles
795,Courtney Little,268-33-1395,"PSC 4754, Box 0649
APO AA 93342",Y,miles
796,David Joseph,470-06-5684,"4123 Ramirez Forest
East Jason, HI 42073",Y,hours
797,Kelly Ward,602-43-5348,"47398 Salazar Forge
Blackberg, PR 22981",N,hours
798,Sara Fisher,677-09-0611,"780 Raymond View Suite 448
Port Adrianton, MI 32419",Y,miles
799,Tara Stewart,665-68-6776,"PSC 4632, Box 8914
APO AP 36541",Y,miles
800,Wanda Ramsey,891-37-5204,"PSC 2649, Box 1065
APO AE 67283",Y,hours
801,Michael Burns,025-62-1513,"57832 Smith Springs Apt. 029
Clarkeborough, MP 02251",N,miles
802,Brittany Cunningham,849-86-8179,"14391 Finley Stream
Lake Christina, PA 06903",Y,hours
803,William Hoffman,035-69-3825,"3020 Jacob Extensions Suite 539
Port Lauramouth, CT 61268",Y,miles
804,Ryan Rodriguez,616-44-3372,"05398 Jones Run
New Gregory, TN 08969",Y,hours
805,Matthew Stephens,876-89-3125,"0753 Erin Well Apt. 955
South Nicholasfort, CT 02552",Y,miles
806,Thomas Jackson,857-23-5093,"Unit 3257 Box 3043
DPO AA 04090",N,hours
807,Stacey Ford,243-36-5978,"6494 Joe Spurs
Aaronbury, DC 87318",N,hours
808,Kara Burnett,612-37-7251,"642 Oconnell Street
Lake Nathan, WV 02184",Y,hours
809,Teresa Williams,574-42-6337,"29425 Todd Glen
Sheltonchester, PR 63789",N,miles
810,Andre Perkins,630-01-4575,"510 Robert Course Apt. 618
Hardinberg, NV 17485",Y,miles
811,Erika Campbell,793-26-6409,"04433 Nunez Motorway Suite 715
Sandyborough, MN 18537",N,miles
812,Lisa Martin,014-23-6399,"8762 Brandon Road Suite 264
Port Justin, TX 38310",N,hours
813,Sheila Bennett,740-54-5407,"70409 Moore Crescent
Catherinefort, CT 49251",Y,miles
814,Lisa Jackson,001-67-1749,"177 Courtney Plains
Oconnorfurt, MT 86990",N,miles
815,Ms. Anna Hill DVM,484-85-4678,"82584 Carlos Camp Apt. 532
New Danielle, ND 93927",N,hours
816,Jessica Osborne,584-48-0116,"650 Johnny Lane
Hollowayside, MN 35256",Y,hours
817,David Frederick,768-46-7454,"7405 Deborah Manors
Amyburgh, UT 56308",N,miles
818,Latasha Kennedy,833-86-4254,"15363 Mark Hills
Wallaceport, KS 34673",Y,hours
819,Christopher Cunningham,224-88-6331,"69611 Sanchez Drive Apt. 215
Masseyfort, AR 82685",Y,hours
820,Thomas Torres,482-52-6885,"301 Austin Inlet
Andersonville, ID 43921",N,miles
821,Raymond Gomez,286-67-8576,"02793 Wright Lodge Suite 641
Michelleton, CT 59207",N,hours
822,Logan Patton,583-68-3908,"USNV Adams
FPO AP 24155",Y,miles
823,Ruth Kelly,295-53-9648,"3879 Amanda Inlet
New Stephanie, NJ 62769",Y,miles
824,Jody Green,163-87-5850,"7193 Sanchez Bridge
South James, MA 81275",Y,hours
825,Diana Burch,466-37-4934,"998 Reed Trail
West Donna, AK 20833",Y,miles
826,Adrian Moore,473-48-2214,"921 Ramirez Garden
West Colleen, DC 61986",N,miles
827,David Harris,642-03-1741,"2173 Cindy Cliff
Port Mary, MI 58110",N,miles
828,Aaron Gilbert,128-07-7897,"650 Curtis Ways Suite 395
North Davidtown, AR 94284",Y,hours
829,Chelsea Dudley,212-23-1079,"7083 Breanna Ports Suite 774
Chelseaberg, MI 09337",N,miles
830,Jasmine Powell,777-71-2244,"USCGC Ochoa
FPO AA 36219",N,hours
831,Carl Berg,528-58-9094,"632 Krystal Road Suite 329
Medinamouth, GU 39749",Y,miles
832,Amanda Doyle,661-52-1192,"3410 Martinez Drive
New Felicia, WV 89190",Y,miles
833,Michael Townsend,702-56-0884,"3410 Reyes Trail Apt. 630
Port Nichole, OH 54664",N,miles
834,Jennifer Townsend,862-37-6955,"PSC 3966, Box 2277
APO AA 90263",Y,hours
835,Sara Williams DDS,581-27-1294,"87680 Jeffrey Way
West Troy, AS 50974",N,hours
836,Patty Hardy,535-09-1570,"77264 Wright Walk
Lake Elizabethborough, OK 17310",Y,hours
837,Julie Ray,458-16-6804,"23794 Scott Drive Suite 936
West Shelleytown, KY 32688",Y,hours
838,Jose Wagner,384-04-2694,"054 Bryce Rue
Gamblefort, AZ 75474",Y,hours
839,Jessica West,390-93-8110,"3278 Wilson Plains Apt. 277
West Jessica, SD 77168",N,miles
840,Caleb Torres,263-56-1707,"95030 Lisa Route Apt. 964
Harperview, VA 71633",N,hours
841,Benjamin Garcia,687-28-2203,"27401 John Radial Suite 547
Port Diane, KS 00958",N,miles
842,Jennifer Dougherty,683-69-0300,"1935 Vargas Court Suite 193
Adamhaven, OH 09885",N,miles
843,Eric Anderson,237-65-3909,"7054 Villarreal Flat
South Paul, GU 11263",N,miles
844,Jeff Thompson,670-79-4117,"38782 Spencer Pike
Tammyborough, SC 12328",N,hours
845,Jill Ramirez,390-01-5577,"2334 Roy Islands
Angelaville, AZ 83278",N,miles
846,Kendra Gross,348-35-4293,"685 Taylor Common Suite 266
Kevinstad, MH 92227",N,hours
847,Amanda Doyle,803-67-2879,"4829 Colin Plaza Suite 175
East Tracey, CA 27819",Y,hours
848,Michael Johnson,405-92-5869,"597 Jessica Crossroad Suite 020
New Erichaven, AZ 55682",N,miles
849,Andrew Gonzalez,374-54-6545,"84406 Laura Prairie Apt. 848
Herrerastad, AS 23212",Y,hours
850,Samuel Butler,368-06-6332,"2707 Angela Locks Suite 873
North Mariatown, NY 20504",N,hours
851,Eric Best,257-02-9935,"Unit 4221 Box 8967
DPO AA 35079",Y,hours
852,Elizabeth Montgomery,026-33-2167,"25316 Ward Trace Apt. 933
Suttonville, VT 84475",Y,hours
853,Jose Allen,682-53-8148,"700 Carrie Circle
West Jonathanton, NV 07652",N,hours
854,Paul Sawyer,772-26-4238,"30053 Jeanne Tunnel
Davidton, ME 06630",N,miles
855,Barry Miller,862-33-3599,"157 Jeffrey Key Suite 356
Robinsonview, MT 88194",Y,hours
856,Mark Sharp,704-37-7080,"8318 Taylor Mission Suite 096
West Lindsay, OH 35725",Y,miles
857,Stephen Castaneda,016-45-5680,"72084 Medina Coves Apt. 952
New Dianaport, GA 83712",Y,miles
858,Elizabeth Garcia,364-25-8761,"7080 Elizabeth Camp Apt. 342
Isabellaborough, SD 71924",Y,miles
859,Ronald Woods,139-16-1371,"9864 Solis Mills
New Lindsay, PR 32747",Y,miles
860,Meredith Carrillo,827-78-6338,"87908 Christopher Manors
Port Brian, MP 77041",N,miles
861,Richard Moody,458-32-7918,"PSC 6545, Box 9580
APO AE 02845",Y,miles
862,John Williams,841-50-4862,"80168 Harris Streets Suite 737
Port Laura, MA 46430",N,miles
863,Jason Miller,877-12-3997,"1972 Wendy Garden
West Angela, DC 36876",Y,hours
864,Latoya Huber,834-45-7566,"4928 Johnson Common
Weaverton, KS 68913",N,miles
865,Mary Pierce,840-38-4024,"40846 Martin Harbors Apt. 569
Paigebury, IN 65059",Y,miles
866,Cheryl Murphy,261-44-2278,"38914 Kennedy Trail
East Jasminebury, VT 56372",N,hours
867,Jonathan Mays,054-51-5528,"6337 Smith Wall Apt. 245
Lopezland, NC 91901",N,hours
868,Steven Oneal,279-89-7031,"9307 Rebecca Groves Apt. 444
West Williamport, MN 69362",Y,miles
869,Aaron Wolfe,241-81-9419,"546 Caldwell Mount Apt. 105
Moseschester, PR 82520",Y,miles
870,Joshua Brown,052-10-7007,"381 Douglas Motorway Apt. 804
Brianside, MA 79972",N,miles
871,Dr. Courtney Hayes,591-22-2240,"PSC 3025, Box 8735
APO AA 63433",N,miles
872,Barbara Carpenter,094-60-8549,"62561 Kim Port Suite 897
Stantonbury, DE 28020",N,hours
873,Jamie Hess,416-60-6265,"318 Joy Canyon Suite 814
Pinedaland, NY 37109",Y,miles
874,Shawn Wang,605-98-8039,"7323 Beasley Via
Medinaborough, VT 09896",N,miles
875,Valerie Rodriguez,598-07-1051,"903 Carlos Terrace
West Sarahberg, VI 96084",Y,hours
876,Christina Graham,641-88-2288,"585 Phillips Bridge Suite 574
Dawnborough, VT 94701",Y,miles
877,Craig Forbes,066-01-5507,"USNV Hammond
FPO AP 90187",N,miles
878,Scott Singleton,805-48-5153,"2064 Bentley River Suite 346
Maryburgh, LA 88333",Y,hours
879,Michael Johnson,568-59-8467,"45960 Amy Overpass
West David, AZ 30025",N,miles
880,Judith Russell,331-95-6456,"71641 Johnny Gateway Apt. 119
Villarrealton, RI 72775",Y,miles
881,Jeffrey Randolph,785-65-7445,"8869 Maria Cliffs
Jamesfurt, MH 26910",Y,miles
882,Rachel Patel,668-50-3582,"63717 Watson Mills
Reedbury, DC 69580",N,miles
883,David Mccarthy,750-94-3052,"272 Salazar View Apt. 155
Lake Julieburgh, LA 34124",N,miles
884,David Nelson,571-23-2962,"2430 Mitchell Ferry Suite 234
West Brianport, DE 29290",Y,hours
885,Courtney Taylor,636-78-2635,"41804 Rebecca Roads Suite 314
Kellymouth, NV 63558",Y,miles
886,Chris Cuevas,787-73-5319,"9988 Bradley Valleys Apt. 824
Brooksfurt, IA 18666",N,miles
887,Tamara Robinson,217-87-3360,"USNV Jones
FPO AA 82209",Y,miles
888,Gregory Dean,269-46-3932,"2844 Stacey Route
South Bryanfort, OR 97151",Y,miles
889,David Noble,626-68-9504,"859 Kyle Canyon Apt. 745
West Angela, DE 36754",N,miles
890,Rita Morgan,481-19-3127,"9410 Beard Bridge Apt. 213
Katiechester, GU 74918",N,hours
891,Melissa Daniel,617-70-2674,"77140 Anna Row
East Danielmouth, ME 93505",Y,miles
892,Christina Shaw,351-41-8392,"65803 Moore Spurs Suite 543
Lake Robert, FM 42867",N,hours
893,Jordan Wright,566-06-4825,"83177 Kimberly Trail Suite 845
Davidmouth, FL 21496",N,hours
894,Ronald Mitchell,832-50-9297,"259 Erik Terrace
Lake Austin, NY 18401",Y,hours
895,Emily Short,852-99-8297,"0750 Jenkins Walks
Josephbury, AS 13220",Y,miles
896,Dr. Timothy Goodman,768-76-1146,"20478 Laura Greens
Valdezberg, MN 66242",N,miles
897,Jennifer Hamilton,367-37-4605,"4929 Brown Via
Brownburgh, VA 11026",N,hours
898,Kayla Guerra,837-19-5338,"50164 Justin Underpass Suite 759
Lake Shelbyborough, VA 75076",N,hours
899,Thomas Harris,293-94-5607,"803 Andrea Well
New Nicholeton, HI 36169",N,hours
900,Justin Morris,253-50-5268,"106 George Centers Apt. 658
Flemingland, CT 20280",Y,hours
901,Stacey Campbell,544-54-4154,"USNS Powell
FPO AA 34054",N,miles
902,Michelle Sharp,675-41-4515,"24178 Eric Ville Apt. 582
Warnershire, OK 39472",N,miles
903,Marc Flores,558-04-8544,"USNV Gonzalez
FPO AA 21663",Y,miles
904,Thomas Erickson,856-22-4456,"9511 Michelle Orchard Suite 197
Josephville, SD 09041",Y,miles
905,Jose Solis,310-18-6318,"133 Murphy Mill Suite 821
Lake Cathy, AR 45008",N,miles
906,Cynthia Gallagher,410-16-8655,"7960 Banks Courts
New Spencer, NH 36637",N,miles
907,Anthony Newton,241-55-7831,"838 Kevin Flat
North Andrewland, ND 44706",N,hours
908,Emily Brown,866-51-5115,"22120 Schwartz Villages Suite 033
Allenmouth, NJ 18975",N,miles
909,Megan Bennett,147-96-9597,"Unit 9223 Box 5913
DPO AP 15918",N,hours
910,Bridget Glover,050-80-4867,"156 Mullen Road
Aliciashire, VT 61415",N,hours
911,Michelle Chambers,576-89-3576,"419 Paul Greens Apt. 169
Port Tara, AS 30753",Y,hours
912,Hannah Cooper,668-94-7268,"011 Torres Ridges
Ricardofort, AZ 76799",Y,hours
913,Brian Doyle,707-63-8851,"833 Mitchell Streets
Parsonsborough, ND 36582",N,miles
914,Stephanie King,386-88-3137,"9898 Randall Freeway
Lake Patrickland, RI 33275",Y,hours
915,Dr. Ashley Brock,766-31-1374,"8193 Black Green Suite 840
Montgomerystad, CT 53126",N,miles
916,Devin Ward,399-31-9637,"535 Doris Garden Suite 647
South Shelby, HI 80665",N,hours
917,Laura Duncan,406-25-6185,"104 April Crest
Jacobsonfort, MA 72863",Y,miles
918,Brianna Johnson,231-61-4777,"6232 Nicole Mill
Samanthaport, WY 46003",Y,hours
919,Jennifer Charles,553-89-9004,"PSC 8799, Box 2547
APO AA 32582",N,miles
920,Lisa Miller MD,833-36-1277,"8237 Yates Courts Suite 378
Ericafurt, PW 70925",N,miles
921,Travis Hansen,368-85-3599,"6485 Perez Dam
Olsenville, TX 79591",Y,hours
922,Edward Sloan,613-16-1671,"6702 Harrison Turnpike Suite 830
North Kimberlyville, WY 38725",N,miles
923,Brian Eaton,668-14-5935,"69310 Solis Circles Apt. 124
Williamsfurt, KS 93606",N,hours
924,Barbara Taylor,766-51-5127,"PSC 8462, Box 7725
APO AA 30602",N,miles
925,Brian Allison,694-52-8730,"0385 Colton Views Suite 169
Kathleenton, WY 82313",Y,miles
926,Steven Powers,097-01-3780,"4885 Terry Village
Port Earlchester, GA 48067",N,hours
927,Stacey Gibson,491-60-4524,"098 Donald Via
Lisaview, AK 49567",N,hours
928,Nathaniel Wang,449-94-4147,"1710 Moreno Walks Suite 197
Garrettfort, FL 91945",N,miles
929,Wyatt Martin,033-59-5758,"44433 Brent Underpass Apt. 498
Spearsstad, TX 60012",N,hours
930,Brandon Harris,348-41-0480,"56007 Shannon Overpass
South Beth, MN 83909",N,miles
931,Joseph Murphy,871-89-8746,"4192 Whitney Freeway
Manuelchester, IN 39855",Y,hours
932,Stephanie Taylor,325-84-6683,"89332 Benson Harbors
Walkerbury, DC 25218",N,hours
933,Nancy Young,257-47-2574,"70476 Mcclain Cliff Apt. 875
Nortonbury, MS 41498",N,miles
934,Sheila Hughes,262-57-3976,"7643 Sierra Harbor
North Maryhaven, MA 59573",Y,hours
935,Joseph Taylor,743-15-7064,"7987 Thomas Trail Suite 190
Lake Cindyside, DE 86247",Y,hours
936,Jasmine Smith,219-43-9770,"53709 Monroe Port
North Austin, CT 59530",N,miles
937,Karen Snyder,381-03-3024,"726 Spencer Highway
Danielfort, KS 09406",N,miles
938,Jeff Hernandez,096-27-5156,"7364 Tucker Roads
North Richard, NC 34644",Y,miles
939,Katherine Moody,897-22-5982,"617 Hale Spurs Suite 508
Craigport, VT 32738",N,hours
940,Charles Greene,021-56-7252,"8097 Johnson Rest Suite 350
Port Kathy, PA 80867",Y,miles
941,Christopher Santana,769-01-0773,"8722 Campbell Ford Suite 505
New Dalton, DE 94040",N,miles
942,Linda Yates,491-44-0678,"295 Linda Isle
North Brian, OH 35834",Y,miles
943,Becky Griffin,866-07-9164,"6966 Burns Plain
Shaneton, GA 10841",Y,hours
944,Anthony Logan,548-16-5341,"PSC 8786, Box 4522
APO AE 19995",Y,hours
945,Angela Mccarthy,147-01-8912,"8006 Yang Tunnel
New Samuelshire, SD 64267",Y,hours
946,Deanna Lowe,522-04-0949,"Unit 4891 Box 2515
DPO AE 83130",Y,hours
947,David Howard,221-55-7858,"6185 Thomas Place Suite 344
East Edwin, GA 04446",Y,miles
948,Bianca Harmon,475-02-0144,"1276 Jamie Shoals Apt. 017
Thompsonfort, LA 22823",N,miles
949,Michelle Cannon,837-41-1913,"261 Joseph Via
Johnsonland, WV 35016",Y,miles
950,Eric Lambert,071-57-4090,"PSC 3681, Box 2820
APO AP 20565",N,hours
951,Hannah Harvey,433-42-4693,"3308 Kevin Mountains Suite 155
Lake Kristopher, IA 85795",N,hours
952,Matthew Cole,795-04-5618,"4470 Sloan Key Apt. 834
Bellmouth, IL 54359",Y,miles
953,Robert Peters,046-12-9525,"6302 David Skyway Apt. 075
North Lindsay, MN 55648",Y,miles
954,Sylvia Gaines,010-12-9163,"623 John Views
Lake Brianport, SD 99245",Y,miles
955,Melissa Myers,513-49-8601,"87487 Donna Branch
Port Shelbyshire, KS 13132",N,miles
956,Taylor Richards,262-42-0884,"6224 Roberto Track
Zamorahaven, ND 15275",N,hours
957,Laurie White,425-37-1975,"50523 Shawn Meadows Suite 847
Port Kevinchester, FL 22298",N,miles
958,Christopher Kemp,704-67-9312,"60854 Brown Ferry
Parkerfurt, CT 27862",Y,miles
959,David Johnson,151-73-9307,"2577 Frederick Cape
Bennettborough, KS 96753",N,miles
960,Martin Marquez,088-91-1083,"48237 Christopher Well
Adamchester, IN 34737",Y,miles
961,James Everett,548-84-1729,"0964 Nelson Passage Apt. 228
West Shelia, DC 23025",Y,miles
962,Jessica Perez,722-50-2312,"810 Jacqueline Curve Suite 131
South Mercedes, CA 51100",N,miles
963,David Hardy,358-80-4557,"USS Pugh
FPO AP 62326",Y,hours
964,Richard Smith,826-41-3961,"3504 Peterson Rue Suite 084
West Barbaraton, HI 21311",N,hours
965,Kathy Cabrera,808-82-6107,"016 Mark Spring
East Amyport, WY 93175",N,miles
966,Emily Erickson,696-91-1247,"890 Timothy Turnpike Apt. 337
New Christinastad, NV 79398",N,miles
967,Ana Gordon,836-45-2388,"59660 Elizabeth Plains Suite 766
Thomasberg, NV 96338",Y,hours
968,David Thompson,031-42-9652,"90273 Carolyn Viaduct
East Mike, MS 92400",N,hours
969,Kevin Silva,038-49-3861,"56296 Crosby Mills Apt. 578
North Melissa, GU 86166",Y,miles
970,Amy Rios,595-94-8760,"5183 Simmons Valleys Apt. 622
Andrewstad, NE 16609",N,miles
971,David Mckay,641-57-5319,"593 Mitchell Ways
West Lisa, KY 04422",Y,miles
972,Tammie Cooper,359-79-7229,"880 Farmer Glens
Susanmouth, NH 55023",Y,miles
973,Brittany Wilkins,657-11-7984,"032 Chavez Gardens Apt. 664
Wilsonview, IN 83887",Y,miles
974,Pamela Ortega,004-32-0306,"4445 Glenn Wells Suite 183
New Drewfurt, NY 03172",N,hours
975,Gerald Moss,762-40-3846,"376 Harris Stream
Baxterberg, HI 09880",Y,hours
976,Dawn Martinez,309-98-9926,"011 Glover Fords Apt. 076
Hansenview, NM 89606",Y,hours
977,Eric Lamb,723-38-7434,"75293 Walker Crossroad
West Gerald, AK 91272",N,hours
978,Stephanie Anderson,074-63-8113,"87910 Chapman Prairie
Robertshire, RI 04462",Y,miles
979,James Potts,676-61-1442,"753 Peterson Estate Apt. 759
Jacobville, MH 14967",Y,hours
980,Rebecca Jackson,636-22-1623,"85889 Franklin Greens
East Oliviastad, VT 88774",N,hours
981,Kimberly Huber,507-91-0180,"Unit 1618 Box 3847
DPO AA 16844",Y,miles
982,Hannah Moody,274-64-2500,"475 Benjamin Heights
Alexanderhaven, GA 72104",Y,miles
983,Mackenzie Hernandez,688-38-2204,"406 Blackburn Trail Suite 109
Millerborough, AS 48949",Y,hours
984,Kimberly Calderon,752-65-3459,"PSC 5373, Box 3836
APO AP 70498",Y,hours
985,Ms. Karen Drake,795-02-8070,"2575 Heather Drive
Port Derrickchester, HI 58941",N,hours
986,Lindsay Hill,863-92-2585,"764 Delgado Gardens Apt. 454
Morrisbury, IN 54264",Y,hours
987,Patricia Tran,884-99-2774,"98607 Stacy Ford
Montoyaview, MT 25348",Y,miles
988,Brian Warner,749-70-7761,"069 Amanda Highway
East Megan, NJ 30548",N,hours
989,Thomas Wagner,564-77-6323,"92653 Jones Shoals
Kennethborough, MS 98336",N,miles
990,Scott Gray,392-03-3939,"646 Banks Vista
Palmerchester, NM 44622",Y,hours
991,Elizabeth Bell,165-06-1354,"56630 Stephens Forks Apt. 334
South Samuel, WI 66161",Y,miles
992,Juan Robinson,641-56-1871,"18675 Lawrence Place
New Sarah, WA 97365",N,miles
993,Patrick King,761-43-1512,"18552 Ruiz Heights Apt. 046
East Savannah, NM 30160",Y,miles
994,Kelly Hernandez,321-65-2465,"4356 West Island Apt. 232
Lake Tamaraburgh, CO 38856",N,miles
995,Jesse Cannon,588-50-2836,"3542 Jenkins Views
Gallaghershire, MO 31972",Y,miles
996,Mark Mercer,318-86-2763,"8858 Gonzales Port
Averyton, IN 88890",Y,miles
997,Heather Fowler PhD,216-19-5645,"8808 Fischer Mountains
Cynthiachester, IN 81735",N,miles
998,Amanda Bird,081-64-2005,"97897 Meredith Parkway
North Phillipbury, MN 10385",Y,hours
999,Linda Shaw,045-72-7788,"354 Marsh Shores
Eileenland, VI 24474",N,miles
1000,Mr. John Long DDS,656-59-6303,"21089 Briggs Mews
Coreyhaven, RI 52501",Y,hours
1001,Phillip Schaefer,093-01-5643,"PSC 5326, Box 7223
APO AP 04311",Y,hours
1002,Vickie Foster,639-73-3950,"70213 Evans Turnpike Apt. 719
New Ryanshire, SD 20608",N,hours
1003,Timothy Coleman DVM,875-06-3506,"260 Foster Springs
Hamptonland, ID 67333",N,hours
1004,John Rodriguez,544-14-4750,"993 Kaitlyn Valleys Suite 224
South Edward, AR 99877",N,miles
1005,Dana Burns,071-11-8389,"916 Lewis Coves Apt. 987
New Christinehaven, NC 21755",Y,hours
1006,Michael Salinas,072-30-1178,"89748 Carlos Track
Port Billview, WY 80676",N,miles
1007,Samantha Lopez,465-81-6714,"Unit 6363 Box 5916
DPO AP 19700",N,miles
1008,Alisha Evans,882-11-5144,"58099 James Rue
North Andreastad, FL 86430",N,miles
1009,Sarah Smith,660-17-4968,"172 Fischer Locks Suite 634
Port Michael, NM 87853",Y,miles
